date,temp_mean,temp_max,temp_min,cloud_mean,cloud_max,humidity_mean,pressure_mean,wind_mean,wind_max,precip_sum,label
2020-01-01,23.65416666666667,24.7,22.6,80.375,100,87.41666666666667,1020.6166666666667,17.775000000000002,22.0,4.6000000000000005,rain
2020-01-02,23.558333333333334,24.5,22.7,77.75,100,85.83333333333333,1020.8333333333334,15.908333333333333,20.5,5.5,rain
2020-01-03,23.666666666666668,25.2,22.4,74.54166666666667,100,83.04166666666667,1019.4666666666667,13.4375,20.5,3.2,rain
2020-01-04,22.90833333333333,25.0,20.9,95.0,100,84.83333333333333,1017.75,8.616666666666667,17.3,4.0,rain
2020-01-05,22.78333333333333,24.7,20.7,53.166666666666664,100,86.45833333333333,1016.9208333333332,8.700000000000001,16.9,4.1,rain
2020-01-06,22.8625,25.1,20.7,39.875,100,88.125,1016.1791666666667,7.341666666666666,13.6,1.0,rain
2020-01-07,23.558333333333334,25.0,21.6,37.875,87,88.08333333333333,1015.2624999999999,7.679166666666667,14.1,0.7000000000000001,rain
2020-01-08,23.495833333333334,25.4,21.1,91.5,100,87.95833333333333,1015.9625,7.6000000000000005,14.3,3.1,rain
2020-01-09,23.391666666666666,24.8,21.5,59.5,100,86.45833333333333,1014.9041666666667,7.5,13.9,3.4,rain
2020-01-10,22.616666666666664,24.5,19.4,47.708333333333336,92,87.91666666666667,1013.4541666666668,7.304166666666667,13.6,0.9,rain
2020-01-11,23.354166666666668,25.0,22.1,93.45833333333333,100,88.70833333333333,1012.8833333333333,6.779166666666666,11.6,5.3,rain
2020-01-12,22.787499999999998,24.7,20.0,71.04166666666667,99,87.375,1014.0291666666667,7.845833333333334,12.8,3.0,rain
2020-01-13,22.704166666666666,24.5,21.1,55.083333333333336,94,85.83333333333333,1014.5583333333334,10.566666666666666,17.9,4.5,rain
2020-01-14,22.462500000000002,24.8,19.8,54.041666666666664,100,81.45833333333333,1015.3083333333334,11.466666666666667,19.8,0.2,cloudy
2020-01-15,23.0,25.3,20.6,24.25,99,79.375,1014.5958333333333,12.5875,19.5,0.0,cloudy
2020-01-16,22.766666666666666,24.8,19.4,14.625,57,87.33333333333333,1014.6583333333333,9.616666666666667,16.7,0.0,sunny
2020-01-17,23.349999999999998,25.1,21.4,27.166666666666668,99,85.83333333333333,1016.6291666666666,8.254166666666666,13.1,0.6000000000000001,rain
2020-01-18,22.825,25.2,20.4,29.75,81,85.25,1016.3083333333334,8.395833333333334,14.0,1.5,rain
2020-01-19,22.474999999999998,24.8,20.2,46.958333333333336,100,83.83333333333333,1017.275,8.1,16.3,1.1,rain
2020-01-20,22.349999999999998,24.5,19.3,40.041666666666664,100,80.70833333333333,1018.2958333333332,10.445833333333333,17.2,0.5,rain
2020-01-21,22.495833333333334,24.7,20.2,55.416666666666664,88,81.54166666666667,1018.5958333333333,7.758333333333333,15.5,0.0,cloudy
2020-01-22,23.0625,25.8,20.8,53.0,100,81.95833333333333,1016.5083333333333,10.779166666666667,18.7,0.0,cloudy
2020-01-23,23.55,26.1,20.6,55.958333333333336,90,85.41666666666667,1014.3874999999999,14.725,24.6,0.0,cloudy
2020-01-24,23.912499999999998,26.5,21.5,86.16666666666667,98,87.0,1013.9499999999999,15.575000000000001,26.2,0.0,cloudy
2020-01-25,24.175,26.5,21.6,95.5,100,85.25,1011.7166666666667,15.033333333333333,23.5,0.2,cloudy
2020-01-26,22.3,23.8,20.4,96.16666666666667,100,82.25,1013.0916666666667,24.166666666666668,38.2,0.5,rain
2020-01-27,21.416666666666668,23.6,19.6,97.375,100,78.95833333333333,1013.1458333333334,12.674999999999999,23.0,0.0,cloudy
2020-01-28,21.270833333333332,22.4,20.3,98.66666666666667,100,84.0,1014.5500000000001,7.9375,15.8,15.4,rain
2020-01-29,20.795833333333334,21.4,19.8,100.0,100,88.54166666666667,1017.2291666666666,17.141666666666666,23.8,41.0,rain
2020-01-30,19.729166666666668,20.6,18.5,97.45833333333333,100,82.04166666666667,1018.5916666666667,18.599999999999998,25.3,12.2,rain
2020-01-31,20.45,22.7,17.5,85.5,100,79.79166666666667,1018.5,8.104166666666666,14.7,0.30000000000000004,rain
2020-02-01,21.65833333333333,24.0,19.8,74.08333333333333,100,76.66666666666667,1017.9250000000001,10.866666666666667,18.8,0.30000000000000004,rain
2020-02-02,21.579166666666666,24.3,19.2,18.958333333333332,48,81.45833333333333,1018.0708333333333,8.975,16.3,0.0,sunny
2020-02-03,21.825,24.3,19.1,37.541666666666664,78,85.58333333333333,1016.8083333333334,10.058333333333334,17.9,0.0,cloudy
2020-02-04,22.05,24.1,18.7,56.583333333333336,100,85.79166666666667,1016.0749999999999,9.516666666666667,17.0,0.0,cloudy
2020-02-05,22.208333333333332,24.5,19.1,48.291666666666664,95,83.70833333333333,1016.2708333333334,7.979166666666667,13.9,0.4,rain
2020-02-06,22.25,25.2,19.6,42.75,94,83.0,1015.7916666666666,11.645833333333334,20.1,0.0,cloudy
2020-02-07,22.1375,24.3,18.4,54.375,100,85.125,1017.2291666666666,8.158333333333333,14.8,0.1,cloudy
2020-02-08,22.8125,24.3,20.7,52.458333333333336,99,84.08333333333333,1019.3208333333333,12.916666666666666,21.5,4.4,rain
2020-02-09,22.52916666666667,23.8,21.8,33.916666666666664,69,79.45833333333333,1020.6999999999999,24.629166666666666,31.7,3.0,rain
2020-02-10,22.258333333333336,23.3,21.4,85.04166666666667,100,78.29166666666667,1019.2083333333334,15.9125,21.3,4.6,rain
2020-02-11,22.724999999999998,24.3,21.2,86.08333333333333,100,89.04166666666667,1017.4083333333333,8.504166666666666,13.2,2.9000000000000004,rain
2020-02-12,23.72083333333333,25.9,20.5,42.625,100,89.04166666666667,1015.125,12.9625,21.6,0.0,cloudy
2020-02-13,24.804166666666664,27.4,22.3,37.625,70,89.0,1012.0375,14.829166666666666,21.3,0.0,cloudy
2020-02-14,24.741666666666664,27.4,22.4,52.0,100,90.16666666666667,1009.5124999999999,13.166666666666666,23.4,0.0,cloudy
2020-02-15,24.683333333333334,27.3,22.4,23.541666666666668,100,91.33333333333333,1010.2333333333332,11.9375,23.4,0.0,cloudy
2020-02-16,23.27916666666667,27.9,21.1,64.625,100,86.5,1015.15,20.995833333333334,43.1,0.1,cloudy
2020-02-17,20.754166666666666,21.4,19.6,100.0,100,83.75,1021.5333333333333,17.325,21.9,20.4,rain
2020-02-18,20.695833333333333,21.5,19.5,95.125,100,84.16666666666667,1021.2041666666668,17.370833333333334,26.0,27.3,rain
2020-02-19,21.9375,23.7,19.9,60.666666666666664,100,81.29166666666667,1020.1625,10.833333333333334,16.1,6.0,rain
2020-02-20,22.087500000000002,24.7,19.5,53.75,100,82.95833333333333,1020.1750000000001,9.041666666666666,17.4,3.7,rain
2020-02-21,22.275000000000002,24.0,20.0,51.125,94,81.79166666666667,1022.5625,13.420833333333334,24.3,4.7,rain
2020-02-22,22.195833333333336,23.6,21.2,32.291666666666664,63,82.5,1022.9333333333334,15.362499999999999,22.4,2.3,rain
2020-02-23,22.179166666666664,24.0,20.8,25.625,80,78.79166666666667,1021.3083333333334,10.654166666666667,18.8,2.7,rain
2020-02-24,21.295833333333334,24.4,18.0,53.0,98,84.79166666666667,1017.8625000000001,6.595833333333334,13.0,0.0,cloudy
2020-02-25,21.6875,24.2,17.6,29.041666666666668,87,86.58333333333333,1015.8458333333333,7.320833333333333,15.1,0.0,cloudy
2020-02-26,22.7375,24.7,20.4,37.875,100,89.95833333333333,1016.1916666666666,6.345833333333334,13.4,0.5,rain
2020-02-27,22.71666666666667,24.5,20.1,68.45833333333333,95,89.54166666666667,1015.9041666666667,8.766666666666667,17.0,1.1,rain
2020-02-28,22.683333333333334,24.4,19.7,65.70833333333333,99,89.04166666666667,1014.5708333333333,6.8500000000000005,13.2,2.5,rain
2020-02-29,23.575,25.3,21.0,39.416666666666664,100,90.29166666666667,1012.6291666666666,8.679166666666667,17.5,1.0,rain
2020-03-01,24.079166666666666,26.3,21.1,58.416666666666664,100,90.75,1012.5875,10.729166666666666,21.4,0.1,cloudy
2020-03-02,24.458333333333332,26.3,23.2,59.416666666666664,95,88.08333333333333,1013.125,15.9125,23.3,0.2,cloudy
2020-03-03,24.370833333333334,26.1,22.7,41.791666666666664,91,87.58333333333333,1013.4166666666666,16.108333333333334,21.7,0.4,rain
2020-03-04,24.34166666666667,25.9,23.3,76.08333333333333,100,88.625,1013.375,15.883333333333333,21.5,10.5,rain
2020-03-05,24.179166666666664,25.5,23.2,82.75,100,86.66666666666667,1014.6333333333333,10.666666666666666,15.5,18.9,rain
2020-03-06,24.083333333333332,25.7,22.2,80.0,100,88.375,1014.3166666666666,7.254166666666666,15.6,1.6,rain
2020-03-07,24.3125,26.2,22.2,52.041666666666664,97,91.79166666666667,1011.8958333333334,9.258333333333333,15.0,0.0,cloudy
2020-03-08,25.287499999999998,28.1,22.9,28.708333333333332,100,91.33333333333333,1008.2833333333333,11.125,21.0,0.0,cloudy
2020-03-09,26.291666666666668,31.4,23.2,26.916666666666668,100,88.16666666666667,1006.0083333333333,10.091666666666667,21.3,0.0,cloudy
2020-03-10,25.65833333333333,28.9,23.5,13.166666666666666,43,91.83333333333333,1008.875,13.958333333333334,27.2,0.0,sunny
2020-03-11,24.920833333333334,26.2,23.5,52.75,100,85.83333333333333,1013.3166666666666,8.245833333333334,14.3,0.9,rain
2020-03-12,25.620833333333334,27.8,23.2,11.0,59,85.41666666666667,1012.7375000000001,14.870833333333332,23.6,0.0,sunny
2020-03-13,25.791666666666668,28.6,23.5,27.666666666666668,82,87.45833333333333,1012.1374999999999,13.208333333333334,22.6,0.0,cloudy
2020-03-14,25.34583333333333,27.0,23.2,61.083333333333336,100,89.70833333333333,1013.7125,10.091666666666667,15.8,2.0,rain
2020-03-15,25.116666666666664,26.5,23.6,59.791666666666664,100,87.375,1015.0666666666666,7.05,12.7,2.4,rain
2020-03-16,25.270833333333332,26.6,23.4,53.666666666666664,97,87.41666666666667,1014.8666666666667,14.383333333333333,24.5,1.4000000000000001,rain
2020-03-17,25.40416666666667,27.0,24.0,54.583333333333336,89,86.5,1014.6333333333333,16.075,23.7,0.1,cloudy
2020-03-18,25.458333333333332,27.9,23.5,56.416666666666664,99,83.5,1012.5541666666667,13.612499999999999,21.7,0.0,cloudy
2020-03-19,25.8625,28.3,23.5,66.95833333333333,97,86.95833333333333,1011.2333333333332,13.291666666666666,20.3,0.0,cloudy
2020-03-20,25.8125,27.4,24.6,59.75,100,87.5,1012.475,15.387500000000001,23.0,0.30000000000000004,rain
2020-03-21,25.708333333333332,28.2,23.4,27.375,91,86.125,1012.35,16.470833333333335,26.4,0.0,cloudy
2020-03-22,25.84583333333333,28.2,23.9,31.375,100,86.04166666666667,1011.8000000000001,14.516666666666666,22.9,0.0,cloudy
2020-03-23,25.420833333333334,27.6,23.6,30.875,100,86.04166666666667,1011.6958333333333,14.112499999999999,21.7,0.0,cloudy
2020-03-24,25.495833333333334,27.6,23.5,30.375,83,87.5,1011.3583333333332,12.65,21.1,0.0,cloudy
2020-03-25,25.875,27.9,23.9,22.833333333333332,81,86.95833333333333,1010.3083333333334,14.445833333333333,25.1,0.0,cloudy
2020-03-26,26.258333333333336,28.5,23.8,25.791666666666668,73,86.79166666666667,1010.5333333333333,15.270833333333334,25.8,0.0,cloudy
2020-03-27,26.554166666666664,29.0,24.2,27.166666666666668,84,85.95833333333333,1010.0666666666666,15.825000000000001,26.1,0.0,cloudy
2020-03-28,26.537499999999998,29.6,24.3,21.916666666666668,74,84.33333333333333,1009.4916666666667,15.091666666666667,25.6,0.0,cloudy
2020-03-29,26.724999999999998,29.4,24.7,24.041666666666668,72,83.16666666666667,1009.1791666666667,17.587500000000002,28.3,0.0,cloudy
2020-03-30,26.9375,29.7,24.6,6.291666666666667,42,83.79166666666667,1008.3874999999999,15.262500000000001,25.3,0.0,sunny
2020-03-31,26.916666666666668,29.7,24.6,17.333333333333332,71,88.70833333333333,1009.4041666666667,13.645833333333334,22.1,0.0,cloudy
2020-04-01,26.504166666666666,28.0,25.0,56.375,100,88.70833333333333,1010.9583333333334,13.4625,19.8,0.8,rain
2020-04-02,26.416666666666668,29.1,24.3,22.208333333333332,97,86.08333333333333,1012.0708333333333,16.575,26.2,0.0,cloudy
2020-04-03,26.620833333333334,28.9,24.5,26.625,67,86.25,1012.4166666666666,16.958333333333332,26.4,0.30000000000000004,rain
2020-04-04,26.599999999999998,28.3,25.0,23.833333333333332,47,88.45833333333333,1013.1041666666666,14.433333333333332,18.8,1.1,rain
2020-04-05,26.333333333333332,28.4,24.7,35.75,100,86.41666666666667,1013.7125,9.291666666666666,15.4,1.0,rain
2020-04-06,26.09583333333333,29.0,24.3,47.666666666666664,100,79.125,1012.5333333333333,15.283333333333333,26.1,0.0,cloudy
2020-04-07,25.1375,26.8,23.9,85.45833333333333,100,81.125,1012.125,18.466666666666665,27.1,0.0,cloudy
2020-04-08,25.170833333333334,28.0,23.5,50.0,93,80.25,1012.8541666666666,18.45,35.2,0.0,cloudy
2020-04-09,25.34583333333333,27.7,23.7,80.16666666666667,100,82.625,1013.9958333333334,12.933333333333332,25.2,9.1,rain
2020-04-10,25.724999999999998,27.0,24.8,94.45833333333333,100,86.79166666666667,1014.3333333333334,9.479166666666666,17.1,3.0,rain
2020-04-11,26.150000000000002,28.3,23.8,95.08333333333333,100,88.75,1012.6708333333332,8.679166666666665,18.7,0.0,cloudy
2020-04-12,25.458333333333332,26.7,24.1,90.41666666666667,100,90.0,1013.3666666666667,13.137500000000001,27.6,5.7,rain
2020-04-13,23.8125,25.2,23.0,99.66666666666667,100,76.95833333333333,1016.1208333333334,18.345833333333335,28.3,7.4,rain
2020-04-14,23.604166666666668,25.3,22.2,91.79166666666667,100,82.04166666666667,1015.3375,9.15,14.4,1.3,rain
2020-04-15,24.474999999999998,26.3,22.8,86.5,100,84.625,1013.9833333333332,7.8,15.6,0.1,cloudy
2020-04-16,25.420833333333334,28.2,22.8,82.25,100,83.54166666666667,1011.8541666666666,12.116666666666667,25.1,0.0,cloudy
2020-04-17,25.849999999999998,28.2,23.0,94.91666666666667,100,85.79166666666667,1011.625,11.9375,23.1,0.0,cloudy
2020-04-18,26.204166666666666,27.9,24.8,84.91666666666667,100,89.70833333333333,1011.8874999999999,9.708333333333334,17.9,0.0,cloudy
2020-04-19,26.879166666666666,29.5,24.5,48.916666666666664,96,87.25,1010.3000000000001,12.637500000000001,22.0,0.0,cloudy
2020-04-20,27.041666666666668,29.6,24.8,74.25,100,88.04166666666667,1010.2833333333333,13.841666666666667,20.7,0.0,cloudy
2020-04-21,27.254166666666666,30.1,25.0,70.79166666666667,98,86.16666666666667,1009.4625,15.316666666666668,25.3,0.0,cloudy
2020-04-22,27.087500000000002,29.2,25.2,79.95833333333333,100,86.41666666666667,1010.1833333333334,15.066666666666665,26.3,0.0,cloudy
2020-04-23,27.21666666666667,28.7,26.1,96.5,100,86.375,1012.0666666666666,12.799999999999999,19.8,1.2,rain
2020-04-24,25.40416666666667,26.3,23.6,97.875,100,87.5,1013.9,10.895833333333334,17.3,15.8,rain
2020-04-25,24.1375,25.5,22.8,97.58333333333333,100,88.08333333333333,1014.5500000000001,7.575,12.4,96.3,rain
2020-04-26,24.916666666666668,26.3,23.3,79.875,100,84.33333333333333,1015.5791666666668,12.970833333333333,22.3,18.3,rain
2020-04-27,24.3875,25.7,23.1,85.5,100,85.83333333333333,1016.3458333333333,14.283333333333333,28.2,2.7,rain
2020-04-28,24.458333333333332,25.7,23.3,73.20833333333333,100,83.91666666666667,1015.5208333333334,9.9375,16.1,1.2000000000000002,rain
2020-04-29,25.108333333333334,27.1,21.9,51.0,87,84.29166666666667,1014.1541666666667,8.5,15.9,0.30000000000000004,rain
2020-04-30,25.691666666666666,27.2,24.1,34.458333333333336,92,89.08333333333333,1013.4,6.670833333333333,13.9,2.1,rain
2020-05-01,26.21666666666667,28.1,23.9,31.833333333333332,94,89.79166666666667,1010.8958333333334,9.179166666666667,19.1,0.4,rain
2020-05-02,26.570833333333336,28.4,24.8,40.583333333333336,80,87.875,1009.1708333333332,11.9375,21.1,0.1,cloudy
2020-05-03,26.900000000000002,29.1,24.5,36.25,93,88.58333333333333,1008.6291666666666,12.179166666666667,19.7,0.0,cloudy
2020-05-04,27.21666666666667,29.6,24.8,36.958333333333336,100,88.875,1008.9625,11.8375,19.1,0.0,cloudy
2020-05-05,27.1375,29.7,24.5,57.916666666666664,100,88.91666666666667,1008.025,10.9625,21.9,0.0,cloudy
2020-05-06,27.916666666666668,30.8,25.5,17.5,95,85.625,1006.9083333333333,12.358333333333334,21.1,0.0,cloudy
2020-05-07,28.075,30.6,25.3,33.25,94,85.66666666666667,1006.275,11.866666666666667,20.9,0.0,cloudy
2020-05-08,28.6875,32.1,26.2,45.125,92,86.75,1006.0958333333333,11.208333333333334,18.7,0.0,cloudy
2020-05-09,28.625,31.1,26.4,40.375,97,88.91666666666667,1007.4458333333333,10.341666666666667,19.6,0.1,cloudy
2020-05-10,28.558333333333334,31.1,26.8,7.791666666666667,72,87.45833333333333,1007.9291666666667,12.254166666666668,21.3,0.0,cloudy
2020-05-11,27.870833333333334,30.6,25.6,47.458333333333336,100,85.91666666666667,1008.6,12.025,21.3,0.0,cloudy
2020-05-12,27.666666666666668,29.8,25.7,59.333333333333336,100,84.41666666666667,1009.6374999999999,8.9125,16.9,0.1,cloudy
2020-05-13,27.900000000000002,30.1,25.0,24.083333333333332,75,87.125,1009.6458333333334,11.924999999999999,21.0,0.6000000000000001,rain
2020-05-14,28.020833333333332,29.8,26.2,29.458333333333332,81,84.16666666666667,1009.0208333333334,12.616666666666667,18.7,0.30000000000000004,rain
2020-05-15,28.224999999999998,30.7,25.7,43.75,92,79.79166666666667,1006.4166666666666,12.549999999999999,20.5,0.0,cloudy
2020-05-16,28.55,31.3,25.9,52.083333333333336,89,83.29166666666667,1005.7125,11.720833333333333,19.9,0.0,cloudy
2020-05-17,29.083333333333332,31.8,26.4,50.083333333333336,97,82.125,1004.5833333333334,12.566666666666668,21.0,0.0,cloudy
2020-05-18,29.474999999999998,32.0,27.4,60.125,100,77.95833333333333,1004.2541666666666,7.6875,14.7,0.0,cloudy
2020-05-19,30.22083333333333,32.5,27.8,52.125,88,75.25,1004.5791666666668,9.862499999999999,19.5,0.0,cloudy
2020-05-20,30.3,34.1,27.9,93.70833333333333,99,75.33333333333333,1005.0208333333334,9.541666666666666,18.9,3.2,rain
2020-05-21,31.6375,37.7,27.6,97.75,100,71.16666666666667,1004.1374999999999,10.895833333333334,17.4,0.5,rain
2020-05-22,32.37916666666667,36.8,29.8,99.08333333333333,100,65.79166666666667,1004.2333333333332,8.820833333333333,18.2,0.3,rain
2020-05-23,29.554166666666664,31.4,27.6,98.66666666666667,100,83.95833333333333,1006.0791666666668,8.0,14.1,5.3,rain
2020-05-24,28.895833333333332,30.6,27.2,96.04166666666667,100,86.29166666666667,1008.0416666666666,8.1875,16.1,2.7,rain
2020-05-25,29.59583333333333,32.4,26.1,52.666666666666664,88,83.04166666666667,1008.3458333333333,7.454166666666667,15.3,0.0,cloudy
2020-05-26,29.8125,32.3,27.7,60.416666666666664,100,78.0,1008.0333333333333,7.933333333333334,22.2,2.5999999999999996,rain
2020-05-27,28.787499999999998,30.8,27.4,61.125,99,84.625,1008.8958333333334,5.129166666666666,10.5,3.8000000000000003,rain
2020-05-28,27.962500000000002,29.3,26.5,89.91666666666667,100,86.0,1009.5583333333334,5.8999999999999995,13.4,4.3,rain
2020-05-29,28.579166666666666,30.6,26.1,78.625,100,84.375,1008.9,7.033333333333334,13.3,1.1,rain
2020-05-30,29.370833333333334,33.2,26.2,86.83333333333333,99,82.29166666666667,1009.9625,8.208333333333334,18.9,0.0,cloudy
2020-05-31,29.15416666666667,31.4,27.0,46.333333333333336,100,84.08333333333333,1009.8000000000001,6.625,13.7,0.2,cloudy
2020-06-01,29.34166666666667,31.6,27.2,45.541666666666664,100,80.08333333333333,1009.2291666666666,7.741666666666667,12.8,0.0,cloudy
2020-06-02,29.7375,33.9,26.7,63.958333333333336,100,78.125,1008.025,8.0,18.0,0.1,cloudy
2020-06-03,29.179166666666664,31.7,26.2,28.291666666666668,57,81.20833333333333,1007.1,8.7125,18.8,0.0,sunny
2020-06-04,29.808333333333334,32.7,27.1,64.45833333333333,98,76.875,1006.5791666666668,7.454166666666667,14.2,0.0,cloudy
2020-06-05,30.712500000000002,34.5,27.4,79.5,100,73.125,1006.3916666666668,9.570833333333333,16.9,0.0,cloudy
2020-06-06,30.65416666666667,33.5,27.8,75.75,98,72.5,1006.2708333333334,9.5375,18.5,0.1,cloudy
2020-06-07,31.150000000000002,36.3,27.4,89.75,100,68.375,1005.0875,13.458333333333334,26.1,0.0,cloudy
2020-06-08,31.433333333333334,35.6,27.7,84.0,100,66.95833333333333,1005.1708333333332,9.658333333333333,19.5,0.0,cloudy
2020-06-09,30.791666666666668,34.4,28.1,91.45833333333333,100,73.5,1006.1999999999999,11.4125,19.8,0.0,cloudy
2020-06-10,30.2375,32.7,28.1,78.58333333333333,99,77.0,1006.8541666666666,11.695833333333333,19.5,0.0,cloudy
2020-06-11,29.645833333333332,31.5,27.7,68.20833333333333,97,76.95833333333333,1006.0500000000001,10.058333333333334,14.9,0.0,cloudy
2020-06-12,29.825,32.6,27.4,29.0,99,76.875,1004.2583333333333,9.733333333333333,20.9,0.0,cloudy
2020-06-13,30.458333333333332,33.4,27.5,78.875,100,72.45833333333333,1003.1458333333334,10.049999999999999,18.0,0.0,cloudy
2020-06-14,30.21666666666667,34.2,27.5,99.75,100,72.70833333333333,1005.1083333333332,9.129166666666666,17.7,5.6000000000000005,rain
2020-06-15,28.9375,31.5,26.9,96.54166666666667,100,80.29166666666667,1007.85,8.704166666666667,15.4,2.5,rain
2020-06-16,28.087500000000002,29.6,27.3,96.625,100,81.75,1007.9875000000001,9.070833333333333,15.1,2.5,rain
2020-06-17,28.558333333333334,31.8,26.5,76.20833333333333,100,80.875,1007.1208333333334,8.091666666666667,15.7,0.1,cloudy
2020-06-18,28.929166666666664,32.5,26.1,20.625,59,79.95833333333333,1006.6458333333334,9.4,18.1,0.6000000000000001,rain
2020-06-19,28.825,30.5,26.2,30.25,79,83.29166666666667,1006.9333333333334,7.954166666666667,15.6,0.0,cloudy
2020-06-20,29.195833333333336,31.4,27.5,35.75,91,84.70833333333333,1006.8708333333334,11.645833333333334,23.0,0.1,cloudy
2020-06-21,29.766666666666666,32.8,26.7,3.5,13,78.25,1005.2666666666668,8.795833333333333,16.3,0.0,sunny
2020-06-22,30.008333333333336,33.7,27.2,16.208333333333332,70,77.16666666666667,1004.7541666666666,10.1625,19.6,0.0,cloudy
2020-06-23,30.625,34.8,27.4,49.708333333333336,94,73.08333333333333,1005.9416666666666,8.991666666666667,16.8,0.0,cloudy
2020-06-24,30.820833333333336,34.0,27.8,84.25,95,72.70833333333333,1005.5833333333334,10.279166666666667,18.4,0.0,cloudy
2020-06-25,30.933333333333334,34.2,28.5,91.875,100,72.0,1004.8249999999999,11.054166666666667,22.7,0.4,rain
2020-06-26,30.208333333333332,32.9,27.6,63.25,100,75.375,1005.8166666666666,10.362499999999999,22.3,0.0,cloudy
2020-06-27,29.954166666666666,32.6,27.5,25.625,95,74.95833333333333,1006.4333333333334,10.045833333333333,20.5,0.0,cloudy
2020-06-28,29.666666666666668,32.2,27.4,63.041666666666664,98,75.5,1005.9375,12.4125,20.2,0.0,cloudy
2020-06-29,29.775000000000002,32.3,27.6,71.0,96,73.95833333333333,1005.1416666666668,9.404166666666667,15.5,0.0,cloudy
2020-06-30,29.825,32.9,27.7,94.08333333333333,99,70.29166666666667,1004.3208333333333,11.141666666666666,19.4,0.7,rain
2020-07-01,29.245833333333334,31.8,27.5,97.95833333333333,100,75.91666666666667,1003.6583333333333,11.116666666666667,17.4,2.2,rain
2020-07-02,28.866666666666664,31.1,26.9,76.625,99,77.33333333333333,1003.4916666666667,9.158333333333333,17.1,2.8,rain
2020-07-03,28.6375,31.0,26.7,83.125,97,79.54166666666667,1005.5791666666668,6.7749999999999995,13.5,1.3,rain
2020-07-04,28.891666666666666,31.9,26.8,79.33333333333333,99,78.20833333333333,1006.9208333333332,6.8999999999999995,15.5,1.0,rain
2020-07-05,28.870833333333334,31.5,26.0,27.166666666666668,88,80.41666666666667,1005.8083333333334,9.458333333333334,16.9,1.3,rain
2020-07-06,29.57083333333333,32.4,26.6,14.083333333333334,53,78.20833333333333,1005.4125,13.6875,24.3,0.3,rain
2020-07-07,30.09166666666667,33.3,27.2,35.166666666666664,82,76.20833333333333,1007.3708333333334,13.275,23.1,0.0,cloudy
2020-07-08,30.47083333333333,34.0,27.3,50.666666666666664,98,74.5,1007.1,10.920833333333334,19.8,0.0,cloudy
2020-07-09,30.65416666666667,33.9,27.5,95.04166666666667,100,71.25,1004.6791666666667,12.137500000000001,22.7,0.0,cloudy
2020-07-10,31.1875,35.6,28.4,86.54166666666667,100,69.33333333333333,1004.5708333333333,11.945833333333333,21.7,0.0,cloudy
2020-07-11,30.916666666666668,34.9,28.6,85.45833333333333,100,66.16666666666667,1005.6,11.029166666666667,20.3,0.0,cloudy
2020-07-12,29.983333333333334,33.4,27.2,23.458333333333332,96,73.25,1005.4041666666667,10.975,19.5,0.0,cloudy
2020-07-13,29.916666666666668,32.7,27.5,24.416666666666668,75,75.29166666666667,1006.0916666666667,10.2625,18.2,0.0,cloudy
2020-07-14,29.55,31.5,27.4,37.625,99,77.5,1006.8041666666667,9.045833333333333,15.7,0.0,cloudy
2020-07-15,29.575,32.2,27.0,32.375,94,76.83333333333333,1006.1083333333332,10.129166666666666,16.2,0.1,cloudy
2020-07-16,29.787499999999998,32.1,26.8,25.083333333333332,94,74.45833333333333,1005.7875,10.241666666666667,18.4,0.0,cloudy
2020-07-17,30.22083333333333,32.6,27.6,11.875,57,74.20833333333333,1006.7125,11.762500000000001,16.4,0.0,sunny
2020-07-18,30.52916666666667,32.9,28.6,54.458333333333336,97,73.41666666666667,1007.0416666666666,11.645833333333334,20.1,0.0,cloudy
2020-07-19,30.525000000000002,33.5,27.6,42.333333333333336,81,72.41666666666667,1006.1166666666667,11.529166666666667,18.8,0.0,cloudy
2020-07-20,30.083333333333332,32.7,28.0,95.04166666666667,100,75.375,1006.8208333333333,16.304166666666667,27.2,0.0,cloudy
2020-07-21,29.245833333333334,31.5,27.5,38.416666666666664,99,77.0,1008.2208333333333,17.958333333333332,27.9,0.0,cloudy
2020-07-22,29.05,31.4,26.7,18.708333333333332,55,76.75,1007.8708333333334,13.695833333333333,21.6,0.6,rain
2020-07-23,29.25,31.6,27.0,21.958333333333332,69,77.33333333333333,1007.8249999999999,10.070833333333333,18.5,0.0,cloudy
2020-07-24,29.2,31.8,26.5,50.75,94,74.54166666666667,1007.9375,12.566666666666668,21.1,0.0,cloudy
2020-07-25,29.479166666666668,31.8,26.8,24.541666666666668,60,74.95833333333333,1007.4125,12.445833333333333,19.9,0.0,sunny
2020-07-26,30.1125,32.4,27.3,16.666666666666668,88,71.79166666666667,1006.4208333333332,10.458333333333334,16.8,0.0,cloudy
2020-07-27,30.166666666666668,33.4,27.4,25.833333333333332,87,71.0,1005.4125,10.516666666666667,17.9,2.3,rain
2020-07-28,29.620833333333334,32.5,27.0,64.375,93,73.04166666666667,1006.1374999999999,10.0375,20.9,1.0,rain
2020-07-29,29.670833333333334,32.0,27.2,45.916666666666664,98,74.375,1006.1374999999999,11.174999999999999,21.0,1.0,rain
2020-07-30,29.829166666666666,33.0,26.8,81.41666666666667,100,74.91666666666667,1004.8666666666667,10.825000000000001,22.7,0.0,cloudy
2020-07-31,28.28333333333333,29.1,27.1,99.83333333333333,100,83.0,1001.7333333333332,5.3625,9.7,13.5,rain
2020-08-01,27.020833333333332,28.1,25.8,100.0,100,87.91666666666667,998.2541666666666,8.858333333333333,16.0,18.1,rain
2020-08-02,28.175,30.1,26.6,99.5,100,84.75,998.9916666666667,12.1625,18.1,5.3,rain
2020-08-03,28.979166666666668,32.3,26.4,98.08333333333333,100,80.0,1001.3166666666666,10.9,20.6,0.2,cloudy
2020-08-04,29.474999999999998,33.7,26.6,91.0,100,76.91666666666667,1002.4541666666668,8.5375,13.0,1.2,rain
2020-08-05,28.775000000000002,30.7,27.0,90.16666666666667,100,80.58333333333333,1005.1833333333334,6.491666666666667,13.0,1.8,rain
2020-08-06,28.1375,29.7,26.4,66.25,100,84.91666666666667,1006.6916666666666,9.216666666666667,15.2,1.5,rain
2020-08-07,28.179166666666664,30.4,26.3,68.33333333333333,97,84.375,1006.0916666666667,11.166666666666666,19.0,2.4,rain
2020-08-08,28.40833333333333,30.9,26.0,44.291666666666664,96,83.04166666666667,1004.9083333333333,7.658333333333334,16.9,0.2,cloudy
2020-08-09,28.316666666666666,31.1,25.5,27.916666666666668,84,81.58333333333333,1004.4,8.3875,14.9,2.1,rain
2020-08-10,29.441666666666666,32.4,25.9,42.166666666666664,99,77.0,1004.3666666666667,7.933333333333334,18.6,1.6,rain
2020-08-11,29.758333333333336,33.8,26.9,66.58333333333333,98,76.75,1005.0416666666666,7.166666666666667,14.5,6.800000000000001,rain
2020-08-12,28.52916666666667,32.4,26.6,92.29166666666667,100,82.375,1006.6416666666668,7.8,17.6,12.5,rain
2020-08-13,27.666666666666668,29.2,26.5,99.66666666666667,100,84.45833333333333,1007.5791666666668,5.579166666666667,15.0,4.5,rain
2020-08-14,27.90416666666667,29.3,26.5,99.79166666666667,100,83.33333333333333,1007.6666666666666,6.295833333333333,12.4,1.1,rain
2020-08-15,27.916666666666668,30.0,26.2,96.0,100,80.66666666666667,1007.6,6.2749999999999995,10.8,2.6999999999999997,rain
2020-08-16,27.525000000000002,30.2,25.1,87.125,100,83.41666666666667,1007.0458333333332,6.720833333333334,11.3,22.6,rain
2020-08-17,27.425,29.9,24.9,88.25,100,82.54166666666667,1006.4541666666668,7.408333333333334,12.0,34.6,rain
2020-08-18,28.054166666666664,30.4,25.3,86.70833333333333,98,80.5,1005.7833333333333,6.7625,15.2,0.8,rain
2020-08-19,27.879166666666666,30.4,25.7,79.83333333333333,100,82.58333333333333,1005.4541666666668,5.145833333333333,10.6,1.3,rain
2020-08-20,27.670833333333334,29.8,25.5,95.125,100,83.625,1006.8083333333334,6.0,11.7,0.6,rain
2020-08-21,27.870833333333334,29.8,26.0,89.54166666666667,100,83.16666666666667,1007.9,6.170833333333333,13.6,6.4,rain
2020-08-22,27.620833333333334,30.0,25.2,84.20833333333333,100,83.95833333333333,1007.875,5.704166666666667,11.1,2.1,rain
2020-08-23,27.775000000000002,30.1,25.5,92.375,98,84.29166666666667,1007.8958333333334,5.5375000000000005,9.1,1.5,rain
2020-08-24,29.308333333333334,33.1,26.5,79.29166666666667,98,80.66666666666667,1006.9791666666666,8.8125,16.8,0.0,cloudy
2020-08-25,29.933333333333334,33.3,26.9,44.041666666666664,97,80.16666666666667,1005.6041666666666,5.966666666666666,21.3,0.0,cloudy
2020-08-26,30.295833333333334,33.9,27.0,62.708333333333336,100,78.5,1003.8375,6.6000000000000005,14.6,0.0,cloudy
2020-08-27,29.141666666666666,31.2,27.2,98.20833333333333,100,78.29166666666667,1002.7541666666666,7.341666666666666,12.2,1.9000000000000001,rain
2020-08-28,29.3,32.3,25.1,77.79166666666667,100,74.33333333333333,1003.2041666666668,8.316666666666666,13.4,0.0,cloudy
2020-08-29,29.504166666666666,32.2,26.5,75.625,100,77.375,1004.4291666666667,7.6625000000000005,14.1,0.0,cloudy
2020-08-30,29.354166666666668,32.0,26.5,40.375,91,77.45833333333333,1005.125,7.995833333333334,16.7,0.0,cloudy
2020-08-31,29.366666666666664,32.1,25.9,24.25,85,75.79166666666667,1006.2458333333334,8.508333333333333,18.7,0.0,cloudy
2020-09-01,29.05416666666667,32.4,26.5,28.666666666666668,73,79.33333333333333,1006.5875,10.1625,25.4,2.9,rain
2020-09-02,28.97083333333333,31.9,25.6,26.375,98,79.5,1007.1916666666666,9.558333333333334,23.7,1.7999999999999998,rain
2020-09-03,29.083333333333332,31.6,26.0,75.125,95,77.33333333333333,1008.0958333333333,8.858333333333333,17.1,2.0,rain
2020-09-04,29.304166666666664,31.7,26.7,92.33333333333333,98,77.5,1007.6750000000001,7.979166666666667,17.2,1.5,rain
2020-09-05,29.545833333333334,32.2,26.9,45.75,86,76.20833333333333,1006.4083333333333,7.908333333333334,14.5,3.3,rain
2020-09-06,30.379166666666666,33.5,26.9,75.41666666666667,97,73.45833333333333,1005.2041666666668,8.6875,18.9,0.5,rain
2020-09-07,30.775000000000002,34.2,28.0,90.625,100,69.58333333333333,1005.9166666666666,7.425,17.1,1.4,rain
2020-09-08,30.275000000000002,33.0,28.3,92.375,100,75.33333333333333,1008.2666666666668,9.725,19.8,2.7,rain
2020-09-09,29.2,31.6,26.6,89.79166666666667,99,78.66666666666667,1008.4541666666668,8.795833333333333,17.1,0.9,rain
2020-09-10,29.291666666666668,32.2,26.4,61.958333333333336,98,76.54166666666667,1006.1416666666668,10.054166666666667,16.2,1.1,rain
2020-09-11,29.55,32.3,26.2,20.875,79,73.875,1007.1125000000001,10.875,19.0,0.0,cloudy
2020-09-12,29.695833333333336,32.3,26.8,39.833333333333336,98,73.5,1009.2333333333332,11.6625,19.2,0.4,rain
2020-09-13,29.59583333333333,32.1,26.9,74.91666666666667,100,75.08333333333333,1009.4791666666666,10.358333333333333,19.8,0.8,rain
2020-09-14,29.433333333333334,31.8,26.7,42.041666666666664,92,76.20833333333333,1008.35,10.008333333333333,18.8,1.1,rain
2020-09-15,29.545833333333334,32.1,26.4,52.666666666666664,90,72.875,1007.75,8.35,17.7,0.7,rain
2020-09-16,30.0625,32.4,27.0,90.83333333333333,100,71.0,1006.4416666666666,7.870833333333334,19.6,0.2,cloudy
2020-09-17,27.991666666666664,29.5,26.0,100.0,100,84.875,1003.1750000000001,7.995833333333334,20.8,42.199999999999996,rain
2020-09-18,28.258333333333336,30.9,25.7,99.79166666666667,100,82.29166666666667,997.6041666666666,23.349999999999998,40.5,36.1,rain
2020-09-19,27.84583333333333,30.4,26.1,98.58333333333333,100,83.91666666666667,1005.4625,7.733333333333333,17.8,2.5,rain
2020-09-20,27.4375,28.5,26.5,99.875,100,86.41666666666667,1009.2708333333334,4.091666666666667,7.9,11.6,rain
2020-09-21,27.53333333333333,28.8,26.2,71.29166666666667,100,87.45833333333333,1009.3458333333333,6.45,12.8,1.4,rain
2020-09-22,28.041666666666668,30.2,25.6,15.083333333333334,69,85.75,1008.7416666666667,6.5375000000000005,12.5,0.30000000000000004,rain
2020-09-23,28.166666666666668,30.2,25.4,51.875,97,84.20833333333333,1008.9625,9.058333333333334,16.8,0.5,rain
2020-09-24,27.858333333333334,30.5,24.4,69.25,97,83.95833333333333,1009.5625,6.258333333333333,14.5,0.2,cloudy
2020-09-25,27.854166666666668,30.5,24.9,51.0,98,82.29166666666667,1008.5124999999999,8.016666666666667,21.4,1.2,rain
2020-09-26,28.22083333333333,31.3,25.7,57.125,85,81.04166666666667,1007.4708333333333,7.070833333333333,13.9,0.4,rain
2020-09-27,27.5625,29.2,25.6,88.20833333333333,100,85.79166666666667,1007.4666666666667,8.025,13.3,2.1,rain
2020-09-28,27.7375,29.8,25.2,96.5,100,84.79166666666667,1007.1916666666666,8.762500000000001,16.5,4.4,rain
2020-09-29,28.083333333333332,30.6,25.4,91.0,100,85.45833333333333,1006.8666666666667,6.991666666666666,16.4,3.5,rain
2020-09-30,28.291666666666668,30.6,26.1,69.91666666666667,100,84.54166666666667,1006.1458333333334,6.833333333333333,15.5,3.8,rain
2020-10-01,27.516666666666666,29.0,25.7,78.20833333333333,100,87.0,1006.3166666666666,6.133333333333333,14.4,7.9,rain
2020-10-02,27.675,29.6,25.8,91.25,99,85.79166666666667,1007.3125,8.129166666666666,16.6,4.6000000000000005,rain
2020-10-03,27.520833333333332,28.9,25.9,96.95833333333333,100,86.70833333333333,1008.3041666666667,6.366666666666667,11.8,5.3999999999999995,rain
2020-10-04,27.45,29.2,25.7,90.58333333333333,100,85.875,1008.7041666666668,4.966666666666667,11.1,3.4,rain
2020-10-05,27.295833333333334,28.7,26.2,47.541666666666664,100,85.33333333333333,1008.725,7.416666666666667,16.5,3.1,rain
2020-10-06,26.454166666666666,27.6,25.8,89.41666666666667,100,88.875,1009.0958333333333,17.120833333333334,27.8,27.0,rain
2020-10-07,26.45,26.9,26.0,99.91666666666667,100,90.83333333333333,1007.525,28.229166666666668,35.7,54.1,rain
2020-10-08,26.295833333333334,26.7,25.9,100.0,100,91.125,1008.0875,22.008333333333336,32.2,74.9,rain
2020-10-09,25.787499999999998,26.5,25.1,99.875,100,91.83333333333333,1008.85,18.8125,37.8,68.6,rain
2020-10-10,25.72083333333333,26.6,25.2,99.58333333333333,100,89.58333333333333,1009.1541666666667,22.745833333333334,28.4,31.4,rain
2020-10-11,25.712500000000002,26.1,25.1,99.95833333333333,100,89.04166666666667,1005.0958333333333,33.4125,46.9,120.2,rain
2020-10-12,26.34166666666667,27.3,25.5,99.54166666666667,100,89.125,1004.1708333333332,12.141666666666666,21.9,17.5,rain
2020-10-13,25.933333333333334,26.8,25.3,100.0,100,88.58333333333333,1004.4916666666667,13.862499999999999,18.4,33.800000000000004,rain
2020-10-14,26.25,27.8,24.7,97.375,100,84.66666666666667,1005.8708333333334,6.604166666666667,15.3,2.3,rain
2020-10-15,26.09583333333333,27.1,24.9,98.08333333333333,100,91.58333333333333,1006.7708333333334,9.379166666666666,15.0,27.7,rain
2020-10-16,26.075,27.0,25.4,99.58333333333333,100,90.70833333333333,1005.5708333333333,19.904166666666665,40.5,53.1,rain
2020-10-17,26.3625,27.5,25.6,100.0,100,89.5,1005.0875,23.525000000000002,40.3,36.2,rain
2020-10-18,26.15416666666667,27.6,24.8,99.95833333333333,100,90.29166666666667,1007.1999999999999,5.658333333333334,10.9,16.3,rain
2020-10-19,25.425,26.9,24.2,99.58333333333333,100,89.29166666666667,1009.0666666666666,9.950000000000001,21.5,33.2,rain
2020-10-20,25.65416666666667,26.7,24.4,98.75,100,91.0,1010.5833333333334,18.662499999999998,28.1,39.4,rain
2020-10-21,25.516666666666666,26.9,24.0,92.20833333333333,100,78.83333333333333,1011.7708333333334,28.275000000000002,35.6,5.0,rain
2020-10-22,24.462500000000002,26.2,23.6,97.41666666666667,100,73.41666666666667,1010.9708333333333,26.375,36.2,0.8,rain
2020-10-23,24.204166666666666,26.4,22.4,99.66666666666667,100,76.45833333333333,1011.2958333333332,17.441666666666666,29.2,0.8,rain
2020-10-24,24.708333333333332,26.5,22.1,97.04166666666667,100,72.95833333333333,1011.1416666666668,17.820833333333333,27.0,0.2,cloudy
2020-10-25,23.945833333333336,26.4,22.4,82.54166666666667,100,82.58333333333333,1009.2791666666667,9.270833333333334,18.8,36.4,rain
2020-10-26,25.40416666666667,27.4,23.7,81.08333333333333,100,85.66666666666667,1010.0166666666668,11.137500000000001,18.7,6.6,rain
2020-10-27,25.754166666666666,27.6,23.9,100.0,100,78.45833333333333,1008.5916666666667,22.858333333333334,40.2,14.3,rain
2020-10-28,25.525000000000002,26.9,24.4,98.5,100,85.04166666666667,998.0749999999999,51.28333333333333,65.5,66.3,rain
2020-10-29,26.537499999999998,28.8,23.4,72.83333333333333,90,82.83333333333333,1007.6125000000001,19.345833333333335,33.5,1.3,rain
2020-10-30,25.75,27.1,24.4,69.33333333333333,100,89.5,1013.1,10.441666666666666,15.7,10.3,rain
2020-10-31,25.849999999999998,26.8,24.8,60.875,100,87.91666666666667,1013.7958333333332,17.724999999999998,25.3,9.5,rain
2020-11-01,25.7625,27.2,24.8,72.54166666666667,100,81.0,1013.8041666666667,17.337500000000002,22.5,5.3,rain
2020-11-02,25.441666666666666,27.1,24.5,85.91666666666667,100,76.54166666666667,1014.3416666666667,13.924999999999999,19.9,1.1,rain
2020-11-03,24.820833333333336,26.8,22.5,79.70833333333333,100,80.45833333333333,1014.8541666666666,13.133333333333333,22.0,2.4,rain
2020-11-04,24.412499999999998,25.6,23.4,99.33333333333333,100,81.625,1014.25,16.825,24.4,10.9,rain
2020-11-05,23.625,24.2,23.0,100.0,100,89.41666666666667,1013.6125000000001,20.245833333333334,25.5,82.4,rain
2020-11-06,25.141666666666666,26.0,24.0,95.5,100,90.5,1013.3874999999999,24.025000000000002,27.9,29.0,rain
2020-11-07,25.379166666666666,26.8,24.1,59.25,100,79.16666666666667,1015.7458333333334,17.570833333333333,23.4,2.6,rain
2020-11-08,24.962500000000002,26.7,23.0,47.041666666666664,100,80.41666666666667,1015.5083333333333,17.254166666666666,24.4,2.0,rain
2020-11-09,24.616666666666664,26.7,22.9,97.45833333333333,100,78.58333333333333,1014.0375,26.366666666666664,32.1,26.5,rain
2020-11-10,23.47083333333333,24.8,21.7,100.0,100,88.33333333333333,1012.8249999999999,37.82083333333333,46.5,107.39999999999999,rain
2020-11-11,24.8,25.2,24.5,99.29166666666667,100,90.58333333333333,1013.7666666666668,33.0375,44.2,48.1,rain
2020-11-12,24.616666666666664,25.5,23.2,59.25,99,82.29166666666667,1015.9916666666667,24.566666666666666,32.2,5.7,rain
2020-11-13,24.166666666666668,26.1,22.7,58.833333333333336,100,77.5,1013.7958333333332,21.441666666666666,30.4,1.9,rain
2020-11-14,23.495833333333334,24.6,22.8,99.91666666666667,100,83.45833333333333,1008.2791666666667,41.637499999999996,57.2,46.1,rain
2020-11-15,24.2,25.8,22.6,96.5,100,87.875,1010.3791666666666,17.208333333333332,43.0,38.4,rain
2020-11-16,25.145833333333332,26.3,24.3,65.375,100,90.375,1014.1791666666667,11.775,17.9,5.7,rain
2020-11-17,25.037499999999998,26.6,23.4,43.416666666666664,100,87.58333333333333,1012.7958333333332,7.679166666666667,11.3,3.5,rain
2020-11-18,24.883333333333336,26.4,22.8,49.833333333333336,100,91.04166666666667,1011.2624999999999,6.2749999999999995,15.5,0.9,rain
2020-11-19,25.183333333333334,26.7,22.9,36.166666666666664,100,92.29166666666667,1010.6750000000001,6.008333333333333,10.3,0.0,cloudy
2020-11-20,25.083333333333332,26.8,22.9,22.541666666666668,59,91.41666666666667,1011.5041666666666,7.108333333333333,15.1,0.2,sunny
2020-11-21,24.670833333333334,27.0,21.9,21.166666666666668,52,90.54166666666667,1012.0291666666667,7.9375,16.5,0.1,sunny
2020-11-22,24.895833333333332,27.0,22.8,31.625,100,90.04166666666667,1014.3041666666667,7.029166666666666,13.0,0.9,rain
2020-11-23,24.7625,26.6,23.2,56.166666666666664,100,89.25,1015.35,9.345833333333333,18.2,4.1000000000000005,rain
2020-11-24,24.912499999999998,26.5,23.6,68.375,100,88.45833333333333,1015.2916666666666,14.3125,21.0,5.6000000000000005,rain
2020-11-25,24.770833333333332,25.8,23.4,72.41666666666667,100,87.625,1015.2125,11.504166666666668,19.9,3.3000000000000003,rain
2020-11-26,24.3875,25.4,23.6,85.5,100,87.54166666666667,1016.0291666666667,13.033333333333333,18.1,5.2,rain
2020-11-27,24.52916666666667,26.3,23.1,65.95833333333333,100,84.33333333333333,1016.9666666666667,19.575,29.9,8.2,rain
2020-11-28,23.816666666666666,24.5,23.1,100.0,100,86.41666666666667,1016.9125,30.287499999999998,36.5,32.5,rain
2020-11-29,22.808333333333334,23.7,22.0,99.91666666666667,100,86.66666666666667,1016.9083333333333,32.96666666666667,41.1,35.300000000000004,rain
2020-11-30,22.6375,23.1,22.2,100.0,100,86.91666666666667,1017.1958333333333,31.875,35.6,61.2,rain
2020-12-01,23.275000000000002,23.6,22.8,100.0,100,89.70833333333333,1017.1583333333333,29.504166666666666,37.4,79.2,rain
2020-12-02,23.575000000000003,24.6,22.6,70.125,100,78.45833333333333,1017.2624999999999,22.616666666666664,28.6,6.1000000000000005,rain
2020-12-03,22.758333333333336,23.9,21.4,85.625,100,75.70833333333333,1017.7083333333334,21.204166666666666,25.3,4.1,rain
2020-12-04,21.608333333333334,22.4,20.3,80.08333333333333,100,73.25,1017.7833333333333,19.570833333333333,27.9,3.0,rain
2020-12-05,20.958333333333332,22.2,19.8,97.125,100,79.625,1018.3958333333334,16.45416666666667,22.6,9.8,rain
2020-12-06,20.933333333333334,22.1,19.6,97.375,100,82.0,1017.975,13.133333333333333,19.2,0.30000000000000004,rain
2020-12-07,22.3625,23.9,21.0,90.33333333333333,100,82.91666666666667,1017.9958333333334,15.833333333333334,24.3,23.2,rain
2020-12-08,22.4875,24.0,21.1,84.08333333333333,100,79.70833333333333,1017.6666666666666,15.766666666666666,23.7,4.1,rain
2020-12-09,21.895833333333332,23.0,21.1,97.33333333333333,100,84.41666666666667,1015.4208333333332,12.066666666666668,18.6,2.4000000000000004,rain
2020-12-10,22.483333333333334,23.9,20.9,96.625,100,86.33333333333333,1014.2624999999999,12.15,19.5,3.3000000000000003,rain
2020-12-11,23.0,24.0,22.3,99.5,100,87.33333333333333,1013.7083333333334,11.295833333333334,17.9,2.6,rain
2020-12-12,23.520833333333332,24.8,22.6,84.54166666666667,100,90.16666666666667,1012.4625,6.9375,10.7,1.9000000000000001,rain
2020-12-13,24.287499999999998,25.5,23.1,83.83333333333333,100,90.91666666666667,1011.3708333333334,6.020833333333333,12.8,0.8,rain
2020-12-14,24.495833333333334,25.9,23.2,90.79166666666667,100,91.16666666666667,1012.8833333333333,9.908333333333333,17.7,11.0,rain
2020-12-15,24.224999999999998,25.0,23.3,90.75,100,85.33333333333333,1016.225,18.3125,22.7,5.6,rain
2020-12-16,22.983333333333334,23.9,22.2,93.0,100,85.95833333333333,1017.8874999999999,26.96666666666667,33.1,10.9,rain
2020-12-17,22.479166666666668,23.5,21.6,90.66666666666667,100,83.625,1017.3375,22.816666666666666,27.0,8.0,rain
2020-12-18,22.141666666666666,22.8,21.7,98.625,100,83.91666666666667,1017.4333333333334,23.816666666666666,30.8,8.2,rain
2020-12-19,20.7625,21.5,19.6,100.0,100,86.70833333333333,1019.2416666666667,22.599999999999998,30.4,40.9,rain
2020-12-20,20.07916666666667,20.6,19.1,100.0,100,84.125,1019.9416666666666,23.566666666666666,29.7,26.2,rain
2020-12-21,19.720833333333335,20.3,18.9,100.0,100,80.16666666666667,1018.5708333333333,28.40416666666667,32.5,10.3,rain
2020-12-22,19.904166666666665,20.9,18.9,100.0,100,83.04166666666667,1016.5749999999999,21.058333333333334,31.2,4.4,rain
2020-12-23,21.191666666666666,23.1,19.9,99.375,100,83.0,1014.2541666666666,12.270833333333334,20.5,0.9,rain
2020-12-24,21.912499999999998,23.2,21.0,99.875,100,86.79166666666667,1014.2708333333334,14.674999999999999,19.7,5.1,rain
2020-12-25,22.025000000000002,22.7,21.6,99.58333333333333,100,91.75,1015.2375000000001,11.504166666666668,15.3,37.3,rain
2020-12-26,22.8125,24.4,21.4,69.25,100,89.33333333333333,1014.6625,5.708333333333333,11.0,5.4,rain
2020-12-27,22.929166666666664,24.6,21.4,76.83333333333333,100,90.70833333333333,1013.5375,5.7124999999999995,12.1,1.0,rain
2020-12-28,22.229166666666668,24.9,19.2,40.125,99,88.20833333333333,1012.6666666666666,6.704166666666667,13.5,0.0,cloudy
2020-12-29,21.895833333333332,25.2,17.8,55.291666666666664,95,87.75,1012.9666666666667,6.070833333333333,11.8,0.0,cloudy
2020-12-30,22.291666666666668,24.4,20.5,65.75,100,82.5,1017.6541666666667,24.833333333333332,35.0,5.5,rain
2020-12-31,19.870833333333334,20.6,19.3,89.375,100,74.5,1021.0833333333334,29.2625,34.2,3.8,rain
2021-01-01,19.566666666666666,20.4,19.0,86.375,100,68.5,1021.0083333333333,23.229166666666668,27.7,1.1,rain
2021-01-02,19.466666666666665,20.2,18.9,100.0,100,76.875,1019.2458333333334,15.233333333333334,21.6,4.2,rain
2021-01-03,20.3625,21.7,18.5,100.0,100,84.25,1018.0416666666666,13.341666666666667,23.7,4.6,rain
2021-01-04,20.833333333333332,21.8,20.0,100.0,100,88.625,1017.6833333333334,17.6375,23.7,15.5,rain
2021-01-05,21.34166666666667,23.0,20.0,99.45833333333333,100,87.91666666666667,1017.1125000000001,8.2875,14.5,4.4,rain
2021-01-06,21.958333333333332,23.3,21.1,98.04166666666667,100,88.04166666666667,1015.9291666666667,11.9375,18.3,11.1,rain
2021-01-07,22.008333333333336,23.2,21.3,94.70833333333333,100,88.41666666666667,1015.225,8.85,16.2,6.4,rain
2021-01-08,20.408333333333335,21.9,18.1,99.91666666666667,100,87.16666666666667,1018.0041666666666,21.72083333333333,31.6,36.2,rain
2021-01-09,18.6875,19.4,17.9,99.83333333333333,100,82.20833333333333,1019.3416666666667,19.712500000000002,27.8,22.5,rain
2021-01-10,18.383333333333333,19.6,17.6,99.29166666666667,100,80.66666666666667,1018.5708333333333,15.816666666666668,22.7,1.7000000000000002,rain
2021-01-11,17.708333333333332,18.8,16.6,99.95833333333333,100,79.29166666666667,1021.4458333333333,27.09166666666667,36.7,2.1,rain
2021-01-12,16.770833333333332,17.4,16.1,99.95833333333333,100,70.66666666666667,1021.9875000000001,28.7625,36.1,0.5,rain
2021-01-13,16.945833333333333,18.7,15.5,68.58333333333333,100,76.5,1018.1374999999999,5.625,10.7,0.0,cloudy
2021-01-14,18.695833333333333,21.2,16.0,71.5,100,80.54166666666667,1016.1625,5.541666666666667,10.1,0.0,cloudy
2021-01-15,19.1125,22.2,15.1,52.583333333333336,100,85.0,1014.2083333333334,5.833333333333333,10.1,0.1,cloudy
2021-01-16,20.029166666666665,22.8,16.2,18.041666666666668,59,86.33333333333333,1014.35,7.966666666666666,16.4,0.2,sunny
2021-01-17,21.008333333333333,22.9,19.5,70.0,100,82.66666666666667,1018.8791666666666,18.104166666666668,30.8,5.5,rain
2021-01-18,18.579166666666666,19.9,17.0,72.875,100,78.20833333333333,1020.9083333333333,22.695833333333336,32.0,7.3,rain
2021-01-19,17.974999999999998,19.9,15.8,67.33333333333333,100,85.41666666666667,1017.6833333333334,8.795833333333333,13.7,0.4,rain
2021-01-20,19.4375,21.9,15.4,57.833333333333336,100,86.75,1015.5333333333333,7.9375,15.6,0.0,cloudy
2021-01-21,20.795833333333334,22.8,18.0,50.0,100,88.875,1014.15,9.483333333333333,16.6,0.1,cloudy
2021-01-22,21.041666666666668,22.7,19.1,55.583333333333336,100,87.16666666666667,1013.7458333333334,14.095833333333333,22.7,0.0,cloudy
2021-01-23,20.954166666666666,22.4,19.9,83.0,100,85.0,1014.125,13.329166666666666,19.9,0.0,cloudy
2021-01-24,21.354166666666668,23.2,19.5,31.958333333333332,100,86.125,1014.225,8.375,21.0,0.0,cloudy
2021-01-25,21.287499999999998,24.2,17.9,19.083333333333332,73,86.20833333333333,1014.3208333333333,7.895833333333333,14.8,0.0,cloudy
2021-01-26,20.95,23.4,17.9,48.916666666666664,100,89.20833333333333,1015.2083333333334,8.15,16.1,1.3,rain
2021-01-27,21.866666666666664,23.3,20.0,92.91666666666667,100,88.04166666666667,1015.0958333333333,8.558333333333334,14.8,4.9,rain
2021-01-28,21.820833333333336,23.6,19.6,62.5,99,82.875,1018.1750000000001,10.7125,20.9,1.3,rain
2021-01-29,21.354166666666668,23.1,20.1,51.708333333333336,91,78.29166666666667,1018.8874999999999,14.054166666666667,24.5,2.6999999999999997,rain
2021-01-30,20.95,22.8,18.7,70.45833333333333,100,86.625,1017.9708333333333,8.708333333333334,15.0,4.9,rain
2021-01-31,21.504166666666666,22.7,20.2,59.5,100,86.75,1017.7958333333332,8.304166666666665,17.1,2.9000000000000004,rain
2021-02-01,21.3625,23.4,18.6,37.083333333333336,100,88.625,1017.4499999999999,7.0874999999999995,12.7,2.0,rain
2021-02-02,21.7,23.3,20.1,50.875,99,89.95833333333333,1017.8874999999999,7.254166666666666,14.0,1.3,rain
2021-02-03,22.041666666666668,23.9,20.4,38.375,100,85.41666666666667,1018.1083333333332,8.654166666666667,17.4,5.3,rain
2021-02-04,21.599999999999998,22.8,19.7,85.04166666666667,100,88.91666666666667,1018.6541666666667,7.566666666666666,15.7,3.7,rain
2021-02-05,22.229166666666668,23.8,20.9,50.833333333333336,78,83.875,1017.3791666666666,9.679166666666667,13.0,1.4000000000000001,rain
2021-02-06,21.633333333333336,23.2,19.2,72.45833333333333,100,88.08333333333333,1015.975,7.3999999999999995,14.4,3.9,rain
2021-02-07,22.3,24.1,19.6,57.666666666666664,100,87.54166666666667,1015.3708333333334,6.5625,16.7,0.7,rain
2021-02-08,22.670833333333334,24.1,21.2,80.58333333333333,100,90.625,1015.0791666666668,6.741666666666667,14.2,3.0,rain
2021-02-09,22.47083333333333,24.4,20.6,86.33333333333333,100,88.33333333333333,1012.9666666666667,13.716666666666667,31.2,5.4,rain
2021-02-10,20.370833333333334,21.1,19.5,84.41666666666667,100,84.29166666666667,1014.0291666666667,16.941666666666666,26.3,8.3,rain
2021-02-11,20.095833333333335,22.5,17.1,21.541666666666668,100,76.75,1015.1750000000001,15.595833333333333,24.9,0.0,cloudy
2021-02-12,19.633333333333333,22.3,16.5,38.416666666666664,94,80.625,1016.2125,11.341666666666667,22.4,0.0,cloudy
2021-02-13,19.408333333333335,22.2,15.5,45.083333333333336,99,86.16666666666667,1016.3208333333333,5.225,9.7,0.1,cloudy
2021-02-14,19.979166666666668,22.8,16.5,41.708333333333336,100,84.29166666666667,1016.3249999999999,5.404166666666666,10.2,0.0,cloudy
2021-02-15,19.945833333333333,23.2,15.7,9.25,45,86.375,1014.2875,8.987499999999999,18.2,0.0,sunny
2021-02-16,20.4875,24.1,15.7,13.25,100,85.83333333333333,1014.0666666666666,8.808333333333334,16.0,0.0,cloudy
2021-02-17,21.070833333333333,23.5,17.6,17.541666666666668,53,85.45833333333333,1017.6583333333333,8.862499999999999,14.3,0.6000000000000001,rain
2021-02-18,21.995833333333334,23.7,20.5,39.291666666666664,94,80.70833333333333,1020.5666666666666,19.375,26.6,3.8000000000000003,rain
2021-02-19,21.75,23.1,20.7,24.0,66,75.125,1020.8416666666667,17.7375,23.1,2.6,rain
2021-02-20,20.970833333333335,23.3,18.4,36.791666666666664,86,74.66666666666667,1018.9541666666668,8.270833333333334,13.8,0.0,cloudy
2021-02-21,20.216666666666665,22.9,15.7,51.0,100,85.5,1016.3416666666667,8.245833333333334,17.3,0.0,cloudy
2021-02-22,21.183333333333334,24.6,17.1,21.583333333333332,90,83.625,1014.5708333333333,9.529166666666667,18.4,0.0,cloudy
2021-02-23,21.099999999999998,23.8,17.7,25.333333333333332,76,85.75,1014.1,5.9624999999999995,9.4,0.0,cloudy
2021-02-24,21.59583333333333,24.6,17.8,21.333333333333332,75,86.125,1011.8666666666667,9.1,16.3,0.0,cloudy
2021-02-25,22.566666666666666,25.4,19.4,39.458333333333336,90,87.625,1008.8541666666666,10.7125,19.0,0.0,cloudy
2021-02-26,23.675,26.9,21.1,10.833333333333334,56,89.29166666666667,1007.0708333333333,11.525,21.0,0.0,sunny
2021-02-27,23.71666666666667,26.2,21.1,52.083333333333336,100,90.125,1009.2291666666666,10.920833333333334,23.8,0.30000000000000004,rain
2021-02-28,24.420833333333334,26.1,22.9,55.5,100,90.08333333333333,1011.5625,16.458333333333332,25.8,0.8,rain
2021-03-01,24.84166666666667,26.9,22.7,43.916666666666664,100,91.08333333333333,1013.3208333333333,13.533333333333333,22.5,0.1,cloudy
2021-03-02,24.462500000000002,25.5,23.1,69.0,100,90.66666666666667,1015.3333333333334,12.954166666666666,18.8,2.5,rain
2021-03-03,23.770833333333332,25.4,22.2,34.958333333333336,64,89.5,1015.85,9.625,14.3,4.6000000000000005,rain
2021-03-04,23.870833333333334,26.1,21.6,53.875,100,90.41666666666667,1015.1791666666667,8.558333333333334,18.6,1.5,rain
2021-03-05,24.77916666666667,27.3,21.9,22.583333333333332,100,88.54166666666667,1013.0416666666666,13.391666666666666,25.0,0.0,cloudy
2021-03-06,24.912499999999998,27.9,22.2,32.0,100,90.95833333333333,1013.1583333333333,10.5375,16.3,0.0,cloudy
2021-03-07,24.795833333333334,26.6,23.3,42.708333333333336,97,89.41666666666667,1014.775,9.825000000000001,17.3,1.6,rain
2021-03-08,24.491666666666664,26.0,23.3,34.416666666666664,55,88.70833333333333,1015.7791666666667,10.008333333333333,14.5,2.2,rain
2021-03-09,24.308333333333334,26.0,22.6,31.291666666666668,100,88.29166666666667,1015.6999999999999,10.733333333333334,17.0,2.1,rain
2021-03-10,24.433333333333334,26.0,23.0,51.416666666666664,97,86.875,1015.6333333333333,11.404166666666667,15.6,5.1,rain
2021-03-11,24.508333333333336,26.0,23.0,38.875,85,87.91666666666667,1015.9166666666666,9.683333333333334,13.7,2.2,rain
2021-03-12,24.254166666666666,25.9,22.6,46.125,100,87.83333333333333,1016.2583333333333,7.004166666666666,12.1,3.8000000000000003,rain
2021-03-13,23.854166666666668,25.4,22.0,35.25,68,88.41666666666667,1015.9375,6.729166666666667,12.5,3.0,rain
2021-03-14,24.012500000000003,25.6,21.6,37.041666666666664,69,87.25,1013.8416666666667,7.470833333333332,13.6,2.6,rain
2021-03-15,24.22083333333333,26.3,21.9,44.125,97,85.70833333333333,1011.775,12.5875,20.7,0.0,cloudy
2021-03-16,24.558333333333334,27.0,21.9,25.083333333333332,85,84.95833333333333,1011.2375000000001,12.7125,20.7,0.0,cloudy
2021-03-17,24.4375,26.8,22.0,69.54166666666667,100,86.20833333333333,1011.0500000000001,10.441666666666666,16.9,0.0,cloudy
2021-03-18,24.933333333333334,27.6,21.9,90.875,100,88.41666666666667,1010.5166666666668,10.920833333333334,19.1,0.1,cloudy
2021-03-19,25.291666666666668,27.0,23.2,45.25,95,88.91666666666667,1009.6208333333334,12.799999999999999,22.3,0.2,cloudy
2021-03-20,25.416666666666668,27.9,22.5,50.166666666666664,100,90.16666666666667,1008.4625,12.0875,20.0,0.1,cloudy
2021-03-21,25.708333333333332,27.3,24.5,47.541666666666664,97,88.16666666666667,1011.2791666666667,14.4,20.8,1.8,rain
2021-03-22,23.704166666666666,25.0,21.6,82.66666666666667,100,84.79166666666667,1017.375,27.837500000000002,34.7,14.8,rain
2021-03-23,22.745833333333334,23.9,21.7,75.29166666666667,100,86.79166666666667,1017.2166666666667,20.295833333333334,29.5,24.3,rain
2021-03-24,23.400000000000002,24.7,21.5,87.5,100,86.08333333333333,1014.2125,7.920833333333333,14.1,4.7,rain
2021-03-25,24.429166666666664,26.2,22.0,70.29166666666667,100,88.29166666666667,1012.9458333333333,10.529166666666667,17.8,1.1,rain
2021-03-26,24.974999999999998,26.4,23.2,53.75,98,89.5,1011.6875,16.150000000000002,22.2,1.1,rain
2021-03-27,25.525000000000002,27.6,23.7,79.625,100,89.70833333333333,1009.5124999999999,15.958333333333334,23.9,0.0,cloudy
2021-03-28,25.883333333333336,28.0,23.9,76.54166666666667,100,89.5,1008.1708333333332,13.704166666666666,20.6,0.0,cloudy
2021-03-29,26.241666666666664,29.1,23.8,63.458333333333336,100,88.91666666666667,1006.2458333333334,12.166666666666666,20.5,0.0,cloudy
2021-03-30,25.745833333333334,28.3,22.9,25.0,100,91.41666666666667,1004.75,11.754166666666668,21.0,0.0,cloudy
2021-03-31,26.233333333333334,28.6,24.1,6.708333333333333,22,91.20833333333333,1004.0958333333333,12.933333333333332,22.6,0.0,sunny
2021-04-01,26.40416666666667,28.8,24.6,23.666666666666668,98,93.08333333333333,1004.6708333333332,12.383333333333333,19.0,0.0,cloudy
2021-04-02,26.183333333333334,27.5,24.9,67.54166666666667,99,93.875,1006.875,11.4,18.4,0.0,cloudy
2021-04-03,26.125,27.7,25.0,50.583333333333336,100,89.79166666666667,1008.8458333333333,14.441666666666668,23.7,0.0,cloudy
2021-04-04,25.579166666666666,27.3,23.6,23.0,85,90.54166666666667,1011.0833333333334,9.920833333333333,16.6,2.8,rain
2021-04-05,25.179166666666664,27.0,23.7,69.125,100,90.625,1013.5625,6.516666666666667,11.3,2.1,rain
2021-04-06,25.208333333333332,27.1,23.5,42.666666666666664,100,89.83333333333333,1013.9458333333333,5.5249999999999995,12.3,2.0,rain
2021-04-07,25.545833333333334,26.9,23.8,35.75,98,88.20833333333333,1012.9625,9.058333333333334,15.2,1.6,rain
2021-04-08,25.77916666666667,27.7,24.5,24.958333333333332,65,88.375,1011.1708333333332,8.825000000000001,14.8,1.3,rain
2021-04-09,25.479166666666668,27.1,23.0,21.416666666666668,48,85.70833333333333,1012.1666666666666,8.679166666666667,15.0,2.3000000000000003,rain
2021-04-10,25.108333333333334,26.4,23.2,63.208333333333336,100,87.79166666666667,1014.1208333333334,9.670833333333333,16.9,4.0,rain
2021-04-11,25.412499999999998,27.1,23.1,53.333333333333336,100,87.29166666666667,1014.7208333333333,7.9750000000000005,14.1,1.8,rain
2021-04-12,25.608333333333334,27.1,23.9,58.541666666666664,94,88.70833333333333,1013.7416666666667,9.7625,19.5,1.1,rain
2021-04-13,25.8125,27.8,23.7,55.041666666666664,100,87.83333333333333,1012.15,11.674999999999999,21.6,0.2,cloudy
2021-04-14,26.224999999999998,28.7,24.3,76.875,100,86.79166666666667,1010.7416666666667,12.691666666666668,22.3,0.0,cloudy
2021-04-15,26.204166666666666,28.0,24.3,65.20833333333333,100,86.20833333333333,1009.9875000000001,13.083333333333334,23.4,0.0,cloudy
2021-04-16,26.25,28.0,24.3,66.0,100,85.95833333333333,1010.275,13.304166666666667,22.9,0.0,cloudy
2021-04-17,26.45,28.1,25.2,67.125,100,82.125,1012.4125,12.116666666666667,23.0,0.0,cloudy
2021-04-18,26.104166666666668,29.4,23.2,60.625,98,82.125,1011.8416666666667,9.174999999999999,20.8,0.4,rain
2021-04-19,26.608333333333334,29.0,24.5,63.708333333333336,100,83.08333333333333,1009.5625,10.645833333333334,21.6,2.1,rain
2021-04-20,26.991666666666664,29.1,25.3,75.0,100,85.75,1009.1208333333334,11.941666666666668,21.4,3.1,rain
2021-04-21,27.045833333333334,29.1,25.3,83.5,100,86.16666666666667,1009.6708333333332,13.245833333333332,19.6,0.4,rain
2021-04-22,27.195833333333336,29.1,25.1,88.25,100,83.625,1008.6041666666666,14.174999999999999,21.1,0.0,cloudy
2021-04-23,27.604166666666668,30.3,25.5,44.541666666666664,91,84.04166666666667,1007.1750000000001,14.512500000000001,21.4,0.0,cloudy
2021-04-24,28.079166666666666,31.2,25.6,19.375,61,85.04166666666667,1007.15,14.174999999999999,24.1,0.0,cloudy
2021-04-25,28.358333333333334,31.1,25.9,54.541666666666664,98,85.75,1008.0583333333334,11.566666666666665,20.0,0.4,rain
2021-04-26,28.104166666666668,30.7,25.6,85.70833333333333,100,83.875,1008.8291666666668,16.220833333333335,27.1,0.0,cloudy
2021-04-27,27.195833333333336,28.8,25.7,89.58333333333333,100,85.875,1011.4166666666666,13.15,22.0,0.9,rain
2021-04-28,27.28333333333333,29.5,24.9,42.583333333333336,100,83.20833333333333,1012.7333333333332,9.6,18.0,0.7000000000000001,rain
2021-04-29,26.633333333333336,28.5,24.3,47.916666666666664,83,84.70833333333333,1012.5541666666667,9.329166666666667,18.3,1.8,rain
2021-04-30,26.479166666666668,28.4,24.0,60.5,100,81.95833333333333,1011.8708333333334,7.370833333333334,16.9,0.9,rain
2021-05-01,27.454166666666666,29.7,24.7,52.333333333333336,100,82.33333333333333,1011.3958333333334,10.695833333333333,18.6,0.2,cloudy
2021-05-02,28.1125,30.5,25.8,64.91666666666667,100,82.29166666666667,1010.8083333333334,13.654166666666667,23.6,2.5,rain
2021-05-03,28.016666666666666,30.3,26.1,75.66666666666667,98,80.41666666666667,1009.3916666666668,16.837500000000002,24.7,1.4,rain
2021-05-04,28.0125,31.0,25.1,71.91666666666667,98,80.25,1008.85,14.670833333333334,24.2,0.0,cloudy
2021-05-05,28.0,30.7,25.3,45.291666666666664,93,83.16666666666667,1010.0916666666667,14.700000000000001,23.0,1.1,rain
2021-05-06,27.745833333333334,29.5,26.1,72.79166666666667,100,84.0,1012.6958333333333,11.9,17.3,3.4,rain
2021-05-07,27.587500000000002,29.7,25.2,68.20833333333333,100,82.625,1012.2041666666668,10.079166666666667,19.8,0.2,cloudy
2021-05-08,27.675,30.5,25.0,21.916666666666668,55,80.625,1009.6208333333334,11.2875,20.5,0.0,sunny
2021-05-09,28.0,31.3,24.2,56.958333333333336,100,83.04166666666667,1007.9625,13.737499999999999,23.7,0.0,cloudy
2021-05-10,28.791666666666668,31.8,26.1,48.208333333333336,98,82.125,1007.2666666666668,14.633333333333333,24.7,0.0,cloudy
2021-05-11,29.025000000000002,31.9,26.7,58.625,93,81.83333333333333,1006.7541666666666,13.229166666666666,23.5,0.0,cloudy
2021-05-12,29.15416666666667,32.2,27.1,83.5,100,80.91666666666667,1006.2416666666667,14.545833333333334,19.2,0.0,cloudy
2021-05-13,29.0125,31.7,26.9,44.791666666666664,99,81.54166666666667,1006.3125,16.191666666666666,25.0,0.0,cloudy
2021-05-14,29.125,32.0,26.8,68.41666666666667,98,80.125,1006.4958333333334,18.841666666666665,29.8,0.1,cloudy
2021-05-15,29.375,32.4,27.1,43.541666666666664,94,77.91666666666667,1007.2291666666666,17.766666666666666,26.5,0.0,cloudy
2021-05-16,29.145833333333332,32.3,26.6,21.75,73,78.79166666666667,1007.3583333333332,14.391666666666666,26.4,0.0,cloudy
2021-05-17,29.087500000000002,31.7,26.4,15.166666666666666,75,80.79166666666667,1007.7875,16.779166666666665,28.4,0.0,cloudy
2021-05-18,29.325,32.5,26.7,72.5,97,78.54166666666667,1007.6291666666666,16.7625,25.8,0.0,cloudy
2021-05-19,29.575,32.1,27.1,82.20833333333333,97,78.20833333333333,1006.6666666666666,15.620833333333332,26.7,0.2,cloudy
2021-05-20,29.8,33.2,27.2,93.0,100,76.625,1006.5791666666668,13.875,20.9,0.0,cloudy
2021-05-21,29.770833333333332,32.3,27.5,57.666666666666664,95,77.625,1006.1291666666666,13.970833333333333,22.0,0.0,cloudy
2021-05-22,29.900000000000002,32.1,27.5,23.291666666666668,74,75.04166666666667,1004.7666666666668,11.4375,17.7,0.0,cloudy
2021-05-23,29.416666666666668,31.8,27.4,20.208333333333332,55,78.5,1004.8916666666668,9.5875,16.8,0.4,rain
2021-05-24,28.329166666666666,30.0,27.1,50.166666666666664,100,83.95833333333333,1006.5958333333333,8.466666666666667,18.3,3.7,rain
2021-05-25,28.4875,30.5,26.5,58.625,96,82.875,1006.8041666666667,11.108333333333334,22.7,0.6000000000000001,rain
2021-05-26,28.645833333333332,30.6,26.3,37.5,93,82.29166666666667,1006.4625,11.420833333333334,20.6,1.0,rain
2021-05-27,28.474999999999998,30.3,26.5,44.791666666666664,84,83.95833333333333,1007.0458333333332,9.85,20.7,2.9000000000000004,rain
2021-05-28,28.9875,30.8,26.7,60.416666666666664,96,84.79166666666667,1008.3541666666666,7.358333333333333,16.6,0.0,cloudy
2021-05-29,29.8,32.3,27.3,53.875,93,81.58333333333333,1007.4625,8.9,16.6,0.2,cloudy
2021-05-30,30.733333333333334,33.6,27.6,32.375,87,74.75,1005.7875,7.508333333333333,17.1,0.0,cloudy
2021-05-31,31.191666666666666,34.9,28.3,43.375,79,72.5,1004.25,9.65,16.1,0.0,cloudy
2021-06-01,31.354166666666668,34.3,28.7,61.541666666666664,98,72.45833333333333,1004.6416666666668,10.1625,17.9,0.0,cloudy
2021-06-02,30.99166666666667,33.8,28.6,82.79166666666667,98,77.91666666666667,1005.0124999999999,11.558333333333332,18.5,0.0,cloudy
2021-06-03,31.820833333333336,35.0,28.8,92.29166666666667,100,70.45833333333333,1005.1541666666667,10.054166666666667,16.8,0.0,cloudy
2021-06-04,31.858333333333334,36.5,29.0,79.75,100,63.208333333333336,1005.3208333333333,9.370833333333334,18.6,0.7000000000000001,rain
2021-06-05,29.787499999999998,31.8,28.6,90.75,100,79.125,1005.775,6.958333333333333,17.9,0.2,cloudy
2021-06-06,30.270833333333332,32.8,27.9,83.95833333333333,99,72.70833333333333,1004.8291666666668,7.925,14.9,0.5,rain
2021-06-07,29.65416666666667,32.8,28.1,97.41666666666667,100,74.625,1005.3583333333332,8.233333333333333,23.3,2.6,rain
2021-06-08,28.775000000000002,30.5,27.4,99.125,100,80.70833333333333,1006.3249999999999,7.4125000000000005,15.8,8.1,rain
2021-06-09,28.633333333333336,30.3,27.2,97.29166666666667,100,77.41666666666667,1005.7708333333334,6.675,13.0,0.30000000000000004,rain
2021-06-10,28.8875,31.8,26.6,93.79166666666667,100,74.66666666666667,1003.9583333333334,6.820833333333333,14.2,2.5,rain
2021-06-11,28.1875,30.4,26.5,99.45833333333333,100,80.79166666666667,1002.8041666666667,5.0375000000000005,11.6,1.9,rain
2021-06-12,27.162499999999998,28.4,26.5,100.0,100,87.625,1002.3166666666666,8.004166666666666,15.5,16.8,rain
2021-06-13,28.333333333333332,31.8,26.3,97.125,100,77.33333333333333,1004.4458333333333,9.8375,23.2,1.6,rain
2021-06-14,29.129166666666666,33.3,26.2,65.25,100,73.5,1005.1291666666666,9.15,16.5,0.0,cloudy
2021-06-15,29.583333333333332,33.7,26.1,23.708333333333332,86,75.875,1004.2125,9.4625,15.0,0.2,cloudy
2021-06-16,30.433333333333334,35.4,26.5,22.416666666666668,46,73.875,1005.5083333333333,8.966666666666667,15.0,0.1,sunny
2021-06-17,30.104166666666668,33.4,27.0,11.333333333333334,35,74.33333333333333,1007.2583333333333,7.5249999999999995,14.0,1.0,rain
2021-06-18,30.241666666666664,33.6,26.5,11.208333333333334,71,75.33333333333333,1007.4083333333333,7.9875,16.5,0.0,cloudy
2021-06-19,30.71666666666667,33.8,27.6,28.583333333333332,60,71.95833333333333,1005.7583333333333,9.200000000000001,20.2,0.0,sunny
2021-06-20,31.504166666666666,35.7,27.9,44.708333333333336,92,65.29166666666667,1003.6374999999999,10.512500000000001,24.3,0.0,cloudy
2021-06-21,32.43333333333333,37.3,28.5,53.666666666666664,96,61.041666666666664,1003.2833333333333,10.4625,20.1,0.0,cloudy
2021-06-22,31.22083333333333,34.4,28.5,90.08333333333333,100,65.5,1005.0708333333333,11.5,17.0,1.4,rain
2021-06-23,30.84166666666667,34.2,27.7,95.83333333333333,100,68.58333333333333,1005.775,8.1625,20.4,0.8,rain
2021-06-24,30.991666666666664,34.4,27.7,94.08333333333333,100,66.04166666666667,1005.1208333333334,9.083333333333334,18.7,0.2,cloudy
2021-06-25,30.895833333333332,35.2,28.2,73.0,100,68.0,1004.8333333333334,10.825000000000001,14.8,3.0,rain
2021-06-26,30.875,34.5,28.1,55.416666666666664,93,70.0,1006.2041666666668,9.0625,17.8,2.3,rain
2021-06-27,31.370833333333334,35.4,28.0,37.458333333333336,96,68.375,1006.7875,10.008333333333333,23.1,0.1,cloudy
2021-06-28,32.362500000000004,38.4,28.4,80.83333333333333,100,62.791666666666664,1004.8125,10.095833333333333,21.4,0.0,cloudy
2021-06-29,31.97083333333333,36.4,29.3,68.95833333333333,100,61.791666666666664,1004.4083333333333,13.470833333333333,27.5,0.30000000000000004,rain
2021-06-30,31.695833333333336,36.6,28.9,81.54166666666667,99,63.583333333333336,1004.7166666666667,12.191666666666668,26.7,0.1,cloudy
2021-07-01,31.84583333333333,37.4,28.9,77.04166666666667,99,61.583333333333336,1005.2708333333334,13.016666666666666,25.1,0.0,cloudy
2021-07-02,31.920833333333334,35.5,28.6,61.583333333333336,90,63.75,1006.0500000000001,9.979166666666666,23.0,0.0,cloudy
2021-07-03,31.675,34.6,28.9,52.375,86,66.41666666666667,1005.4666666666667,10.329166666666667,20.2,0.0,cloudy
2021-07-04,30.995833333333334,33.2,28.7,68.625,100,67.75,1004.7166666666667,10.279166666666667,18.5,0.0,cloudy
2021-07-05,30.308333333333334,31.9,28.9,68.20833333333333,100,71.91666666666667,1004.3416666666667,8.045833333333333,16.3,0.30000000000000004,rain
2021-07-06,28.099999999999998,29.6,26.7,95.79166666666667,100,80.625,1003.8291666666668,11.145833333333334,21.8,10.0,rain
2021-07-07,27.616666666666664,28.8,26.4,99.70833333333333,100,85.125,1004.3249999999999,6.9375,12.5,18.6,rain
2021-07-08,28.125,30.6,26.0,51.041666666666664,99,83.125,1006.0541666666667,14.200000000000001,26.7,2.1,rain
2021-07-09,28.15416666666667,30.4,26.0,36.583333333333336,71,80.875,1007.225,19.75,31.7,2.0,rain
2021-07-10,28.366666666666664,30.2,26.5,24.291666666666668,80,81.29166666666667,1007.9833333333332,18.454166666666666,25.0,0.7000000000000001,rain
2021-07-11,28.625,30.6,25.9,16.75,73,81.08333333333333,1009.3458333333333,13.766666666666666,21.0,1.2000000000000002,rain
2021-07-12,28.47083333333333,30.3,26.3,40.291666666666664,100,82.125,1009.2166666666667,12.254166666666668,20.9,0.1,cloudy
2021-07-13,28.6875,30.8,26.1,61.958333333333336,93,80.70833333333333,1007.6166666666667,14.575000000000001,24.5,0.0,cloudy
2021-07-14,28.666666666666668,30.6,25.7,29.333333333333332,92,79.75,1006.5749999999999,14.225,22.5,0.2,cloudy
2021-07-15,28.879166666666666,30.7,26.6,40.916666666666664,83,79.41666666666667,1007.6166666666667,13.620833333333332,22.0,0.2,cloudy
2021-07-16,28.545833333333334,31.1,26.5,37.625,92,79.58333333333333,1008.2208333333333,9.491666666666667,19.5,0.6000000000000001,rain
2021-07-17,28.558333333333334,31.4,25.4,19.541666666666668,73,79.625,1005.5124999999999,7.983333333333333,16.8,0.2,cloudy
2021-07-18,29.0625,32.8,26.5,48.583333333333336,90,76.66666666666667,1003.0583333333334,9.945833333333333,18.6,1.9000000000000001,rain
2021-07-19,28.495833333333334,31.0,26.0,76.25,100,83.125,1002.975,6.199999999999999,12.0,3.1,rain
2021-07-20,29.400000000000002,33.7,26.9,95.25,100,77.45833333333333,1003.4083333333333,9.633333333333335,20.5,0.0,cloudy
2021-07-21,29.445833333333336,33.1,27.0,92.75,100,75.625,1003.0583333333334,7.833333333333333,16.3,0.0,cloudy
2021-07-22,29.837500000000002,34.0,27.1,99.375,100,72.125,1001.9875000000001,8.35,15.5,0.0,cloudy
2021-07-23,29.545833333333334,32.1,27.8,98.70833333333333,100,68.33333333333333,1000.8125,11.183333333333332,18.2,1.2,rain
2021-07-24,28.670833333333334,31.9,26.6,85.16666666666667,100,70.16666666666667,999.8083333333334,11.970833333333333,21.8,1.1,rain
2021-07-25,28.77916666666667,33.8,26.0,84.95833333333333,100,78.54166666666667,1000.1875,10.200000000000001,19.5,10.4,rain
2021-07-26,29.599999999999998,33.9,26.5,35.583333333333336,95,73.41666666666667,1000.9208333333332,7.029166666666666,24.1,0.5,rain
2021-07-27,30.1875,35.2,26.4,66.08333333333333,92,71.91666666666667,1000.3458333333333,9.258333333333333,20.4,0.0,cloudy
2021-07-28,30.587500000000002,35.2,27.3,86.04166666666667,99,70.79166666666667,999.9416666666666,8.058333333333334,18.6,0.8,rain
2021-07-29,31.004166666666666,34.7,28.1,87.125,100,70.5,1001.0500000000001,8.725,19.1,2.1,rain
2021-07-30,30.974999999999998,35.7,27.8,78.91666666666667,100,70.33333333333333,1002.2666666666668,8.395833333333334,14.9,3.0999999999999996,rain
2021-07-31,31.829166666666666,36.4,28.9,96.375,100,63.375,1002.0833333333334,10.229166666666666,18.1,0.8,rain
2021-08-01,31.770833333333332,36.2,29.7,86.83333333333333,100,63.125,1000.6916666666666,9.608333333333333,23.5,0.1,cloudy
2021-08-02,31.929166666666664,36.1,29.3,98.45833333333333,100,60.291666666666664,1000.7416666666667,11.920833333333334,18.5,0.1,cloudy
2021-08-03,32.77916666666667,36.9,30.0,99.04166666666667,100,52.333333333333336,1001.2541666666666,9.220833333333333,18.4,0.1,cloudy
2021-08-04,32.55833333333333,36.3,29.7,99.91666666666667,100,55.208333333333336,1001.8041666666667,10.358333333333333,21.9,0.1,cloudy
2021-08-05,32.391666666666666,36.5,29.7,98.08333333333333,100,57.166666666666664,1001.5,10.525,20.3,0.6,rain
2021-08-06,32.8125,37.6,30.5,96.625,100,56.625,1002.2791666666667,11.283333333333333,20.3,0.0,cloudy
2021-08-07,32.88333333333333,37.7,30.6,99.45833333333333,100,57.333333333333336,1003.5666666666666,11.466666666666667,24.2,0.0,cloudy
2021-08-08,32.44583333333333,36.2,29.9,98.16666666666667,100,61.833333333333336,1004.3458333333333,11.954166666666666,20.9,0.0,cloudy
2021-08-09,32.333333333333336,35.5,29.7,78.16666666666667,98,62.708333333333336,1004.0749999999999,9.358333333333333,19.5,0.1,cloudy
2021-08-10,31.629166666666666,35.7,29.0,82.625,98,67.08333333333333,1003.7458333333334,9.254166666666666,17.6,1.7000000000000002,rain
2021-08-11,30.570833333333336,33.1,28.5,87.75,98,74.16666666666667,1006.0749999999999,6.3374999999999995,20.3,4.6000000000000005,rain
2021-08-12,29.974999999999998,33.2,27.0,95.45833333333333,99,73.54166666666667,1008.3208333333333,8.641666666666667,19.5,10.899999999999999,rain
2021-08-13,29.7375,34.5,26.6,82.79166666666667,100,75.54166666666667,1005.9166666666666,8.966666666666667,17.8,7.9,rain
2021-08-14,30.487499999999997,34.1,27.4,92.70833333333333,100,69.125,1004.6041666666666,10.450000000000001,20.7,0.1,cloudy
2021-08-15,29.704166666666666,34.0,27.2,78.29166666666667,100,72.04166666666667,1007.5541666666667,10.191666666666666,21.7,4.2,rain
2021-08-16,28.775000000000002,31.8,25.6,34.958333333333336,98,79.75,1011.0791666666668,9.3375,20.2,1.0,rain
2021-08-17,28.883333333333336,31.6,25.9,25.041666666666668,99,78.0,1010.1208333333334,9.533333333333333,15.9,0.0,cloudy
2021-08-18,29.804166666666664,32.9,26.7,15.25,84,73.95833333333333,1007.7541666666666,9.7125,16.9,0.0,cloudy
2021-08-19,29.575,32.3,26.8,64.66666666666667,97,74.0,1007.2541666666666,11.1,19.7,0.0,cloudy
2021-08-20,29.666666666666668,32.3,27.0,56.5,98,74.08333333333333,1008.4041666666667,12.416666666666666,19.9,0.0,cloudy
2021-08-21,29.479166666666668,32.4,26.0,9.291666666666666,64,72.16666666666667,1008.1541666666667,10.966666666666667,20.1,0.0,cloudy
2021-08-22,29.837500000000002,32.5,27.2,70.20833333333333,100,72.83333333333333,1006.7833333333333,11.941666666666668,17.7,0.6,rain
2021-08-23,29.8125,33.7,26.9,54.916666666666664,85,70.58333333333333,1005.625,12.754166666666668,20.9,0.7,rain
2021-08-24,29.554166666666664,32.3,26.2,34.5,91,72.5,1005.4166666666666,11.383333333333333,20.3,0.0,cloudy
2021-08-25,29.825,32.5,27.5,31.708333333333332,72,71.66666666666667,1005.8249999999999,9.179166666666667,18.0,1.0,rain
2021-08-26,28.474999999999998,31.4,26.5,49.25,88,76.75,1007.3083333333334,14.520833333333334,23.3,12.4,rain
2021-08-27,27.733333333333334,30.4,25.9,55.458333333333336,96,79.91666666666667,1008.5916666666667,14.645833333333334,20.0,8.9,rain
2021-08-28,27.6375,30.0,24.9,66.375,100,79.83333333333333,1008.4625,8.995833333333334,15.7,2.7,rain
2021-08-29,26.400000000000002,28.4,24.4,90.125,100,87.41666666666667,1008.8125,8.325000000000001,15.6,10.3,rain
2021-08-30,27.104166666666668,29.1,25.2,96.125,100,85.875,1009.2666666666668,6.2124999999999995,14.0,5.5,rain
2021-08-31,27.208333333333332,28.8,25.1,95.125,100,85.08333333333333,1009.3541666666666,5.495833333333334,11.2,4.1,rain
2021-09-01,27.670833333333334,29.8,25.0,58.75,100,82.91666666666667,1008.5291666666667,6.504166666666666,13.9,0.6000000000000001,rain
2021-09-02,27.558333333333334,29.4,25.6,95.16666666666667,100,82.33333333333333,1007.6708333333332,6.920833333333333,12.6,3.9,rain
2021-09-03,27.270833333333332,28.9,26.0,99.5,100,80.95833333333333,1006.6916666666666,5.833333333333333,8.5,0.9,rain
2021-09-04,27.52916666666667,30.0,25.3,98.29166666666667,100,83.45833333333333,1006.8166666666666,6.5249999999999995,9.9,8.0,rain
2021-09-05,27.2,30.0,24.7,68.33333333333333,100,82.79166666666667,1008.1791666666667,6.704166666666667,14.6,19.0,rain
2021-09-06,27.308333333333334,28.9,25.6,65.16666666666667,100,84.375,1009.2416666666667,6.845833333333334,12.4,10.3,rain
2021-09-07,26.2625,27.3,24.8,99.75,100,88.16666666666667,1008.2416666666667,6.433333333333334,11.5,24.8,rain
2021-09-08,27.170833333333334,29.6,25.5,89.41666666666667,100,84.29166666666667,1006.5958333333333,12.970833333333333,20.5,16.9,rain
2021-09-09,27.558333333333334,29.6,25.4,78.375,100,85.45833333333333,1007.9,8.924999999999999,15.4,5.2,rain
2021-09-10,26.733333333333334,28.3,24.9,99.91666666666667,100,87.70833333333333,1006.8125,9.779166666666667,16.0,24.9,rain
2021-09-11,26.287499999999998,26.9,25.8,99.70833333333333,100,86.375,1001.6416666666668,33.69166666666667,49.0,76.0,rain
2021-09-12,26.1375,26.5,25.7,99.66666666666667,100,90.25,1000.9625,28.3,33.5,88.8,rain
2021-09-13,27.008333333333336,28.7,25.8,83.25,100,88.0,1003.3916666666668,14.066666666666668,23.9,28.2,rain
2021-09-14,27.8,29.9,26.0,76.5,99,86.95833333333333,1007.6083333333332,12.745833333333332,23.6,13.5,rain
2021-09-15,27.75,29.9,25.9,85.375,100,86.0,1010.2041666666668,19.158333333333335,27.9,2.7,rain
2021-09-16,27.650000000000002,30.2,25.1,92.33333333333333,100,86.25,1009.8000000000001,10.987499999999999,23.0,0.9,rain
2021-09-17,27.65416666666667,29.8,25.4,26.666666666666668,76,86.66666666666667,1008.9291666666667,6.4125000000000005,12.3,0.0,cloudy
2021-09-18,27.7625,29.5,25.5,71.70833333333333,100,86.33333333333333,1009.4250000000001,6.754166666666666,12.4,0.4,rain
2021-09-19,27.02916666666667,28.2,25.9,80.29166666666667,100,86.625,1009.3208333333333,6.7124999999999995,15.2,2.3000000000000003,rain
2021-09-20,26.650000000000002,28.7,25.1,57.083333333333336,100,87.70833333333333,1008.6541666666667,7.970833333333334,15.6,7.3,rain
2021-09-21,26.912499999999998,29.0,25.4,72.83333333333333,100,85.83333333333333,1008.25,6.6499999999999995,11.7,11.6,rain
2021-09-22,26.916666666666668,28.9,24.6,75.33333333333333,98,85.95833333333333,1008.2958333333332,5.970833333333334,12.3,3.2,rain
2021-09-23,26.170833333333334,27.4,24.7,84.33333333333333,100,88.79166666666667,1007.4375,20.258333333333333,42.4,36.3,rain
2021-09-24,27.325,29.2,26.2,97.0,100,84.20833333333333,1006.5625,28.77916666666667,39.2,7.8,rain
2021-09-25,26.891666666666666,29.0,25.3,85.16666666666667,100,86.95833333333333,1008.7708333333334,12.658333333333333,20.9,7.2,rain
2021-09-26,26.829166666666666,28.6,25.0,54.666666666666664,93,88.5,1009.4250000000001,6.516666666666667,14.1,2.2,rain
2021-09-27,27.045833333333334,29.2,24.5,15.041666666666666,47,85.16666666666667,1009.7041666666668,6.7875000000000005,15.2,1.1,rain
2021-09-28,27.054166666666664,29.1,25.0,52.25,99,87.29166666666667,1009.6416666666668,6.995833333333334,15.1,1.9000000000000001,rain
2021-09-29,27.266666666666666,29.1,25.0,30.875,86,86.58333333333333,1008.7666666666668,5.841666666666666,12.7,1.9000000000000001,rain
2021-09-30,27.170833333333334,29.7,24.4,29.083333333333332,74,87.25,1008.9375,8.791666666666666,16.7,0.9,rain
2021-10-01,27.224999999999998,29.3,24.0,34.583333333333336,100,87.29166666666667,1009.025,8.695833333333333,15.9,0.0,cloudy
2021-10-02,27.058333333333334,29.4,24.2,43.166666666666664,87,86.04166666666667,1009.6291666666666,8.8,16.6,0.9,rain
2021-10-03,27.34166666666667,29.2,25.3,56.458333333333336,82,84.08333333333333,1009.8166666666666,7.733333333333333,13.9,1.7000000000000002,rain
2021-10-04,26.391666666666666,28.4,24.7,77.54166666666667,100,88.75,1009.2875,11.479166666666666,21.6,10.0,rain
2021-10-05,26.683333333333334,28.1,25.7,93.70833333333333,100,89.375,1008.1666666666666,8.983333333333333,16.7,8.9,rain
2021-10-06,26.166666666666668,27.1,25.8,99.91666666666667,100,89.66666666666667,1004.8000000000001,21.45,36.7,71.6,rain
2021-10-07,26.40833333333333,27.7,25.5,100.0,100,88.375,1000.775,22.116666666666664,30.5,30.0,rain
2021-10-08,26.712500000000002,28.0,25.9,100.0,100,84.70833333333333,1000.4708333333333,17.6125,29.9,20.6,rain
2021-10-09,28.145833333333332,32.1,24.6,96.5,100,74.91666666666667,1002.2375000000001,14.354166666666666,25.0,0.2,cloudy
2021-10-10,27.275000000000002,29.8,24.7,84.54166666666667,100,86.54166666666667,1003.9208333333332,6.829166666666667,16.6,7.9,rain
2021-10-11,27.2375,29.4,25.4,76.625,100,88.58333333333333,1005.0666666666666,6.083333333333333,19.1,4.5,rain
2021-10-12,26.333333333333332,27.7,24.6,92.16666666666667,100,83.16666666666667,1004.6333333333333,23.44583333333333,40.1,3.1,rain
2021-10-13,24.1125,25.3,23.3,100.0,100,81.45833333333333,1001.7958333333332,12.487499999999999,21.1,18.400000000000002,rain
2021-10-14,25.583333333333332,27.7,22.4,98.20833333333333,100,84.29166666666667,1004.3583333333332,6.466666666666666,14.2,2.6,rain
2021-10-15,26.258333333333336,28.4,24.9,98.79166666666667,100,87.54166666666667,1007.0083333333333,5.6875,12.7,26.9,rain
2021-10-16,25.5625,27.0,24.4,100.0,100,88.83333333333333,1009.0083333333333,18.349999999999998,34.6,41.4,rain
2021-10-17,26.108333333333334,27.4,25.0,100.0,100,87.20833333333333,1009.2958333333332,34.03333333333333,51.6,68.6,rain
2021-10-18,25.650000000000002,27.4,24.0,100.0,100,88.79166666666667,1012.6916666666666,8.245833333333334,12.3,11.1,rain
2021-10-19,26.133333333333336,27.9,25.3,97.41666666666667,100,88.375,1014.8083333333334,7.8500000000000005,18.7,5.2,rain
2021-10-20,26.604166666666668,28.7,24.9,83.58333333333333,100,85.875,1013.975,6.575,12.9,5.9,rain
2021-10-21,26.245833333333334,28.8,23.5,38.208333333333336,99,88.5,1012.3791666666666,6.833333333333333,15.8,1.4,rain
2021-10-22,24.979166666666668,26.5,23.4,86.70833333333333,100,87.54166666666667,1014.6833333333334,13.695833333333333,23.8,27.3,rain
2021-10-23,24.733333333333334,25.1,24.0,100.0,100,86.5,1015.8791666666666,26.379166666666666,33.6,42.8,rain
2021-10-24,24.954166666666666,25.9,24.1,99.83333333333333,100,84.41666666666667,1015.3583333333332,22.491666666666664,29.2,38.0,rain
2021-10-25,25.104166666666668,26.8,23.6,92.75,100,79.54166666666667,1014.025,17.616666666666667,26.7,8.4,rain
2021-10-26,24.891666666666666,27.1,23.1,97.375,100,83.70833333333333,1012.4333333333334,19.545833333333334,29.0,6.1,rain
2021-10-27,25.15833333333333,26.2,24.3,100.0,100,89.54166666666667,1011.8666666666667,17.870833333333334,25.8,44.1,rain
2021-10-28,25.25,27.0,23.6,95.54166666666667,100,90.54166666666667,1013.1999999999999,10.970833333333333,18.2,33.2,rain
2021-10-29,25.795833333333334,27.5,24.7,97.25,100,86.83333333333333,1014.725,7.170833333333333,14.7,14.299999999999999,rain
2021-10-30,25.125,26.3,24.2,91.29166666666667,100,88.5,1014.9291666666667,5.933333333333334,12.0,14.4,rain
2021-10-31,25.308333333333334,27.3,23.7,81.16666666666667,100,87.41666666666667,1014.7708333333334,6.320833333333333,15.0,6.4,rain
2021-11-01,25.483333333333334,27.2,23.6,61.083333333333336,100,87.20833333333333,1014.7208333333333,5.3625,10.9,2.2,rain
2021-11-02,25.554166666666664,27.1,23.6,73.20833333333333,100,87.95833333333333,1014.6416666666668,6.408333333333334,12.4,2.9,rain
2021-11-03,25.4875,27.1,23.4,64.5,100,88.66666666666667,1013.7541666666666,7.404166666666666,15.5,2.3,rain
2021-11-04,25.8875,27.7,23.4,55.708333333333336,100,85.58333333333333,1012.7166666666667,5.745833333333334,11.5,1.5,rain
2021-11-05,25.7625,27.9,23.0,48.666666666666664,100,88.83333333333333,1010.9125,6.8,13.3,0.5,rain
2021-11-06,26.15833333333333,28.6,23.8,48.75,100,87.75,1008.725,8.7875,19.2,0.4,rain
2021-11-07,26.295833333333334,28.1,23.6,31.416666666666668,87,84.04166666666667,1010.1041666666666,8.004166666666666,14.1,0.0,cloudy
2021-11-08,25.099999999999998,26.8,23.2,99.33333333333333,100,86.58333333333333,1013.2875,19.8,31.0,42.9,rain
2021-11-09,24.204166666666666,25.5,23.1,99.91666666666667,100,80.25,1015.6999999999999,22.891666666666666,30.5,5.1,rain
2021-11-10,23.758333333333336,25.0,22.9,100.0,100,83.29166666666667,1015.7166666666667,18.2625,25.4,6.2,rain
2021-11-11,23.34583333333333,24.4,22.2,99.41666666666667,100,88.0,1014.8416666666667,11.091666666666667,17.9,7.8,rain
2021-11-12,24.766666666666666,26.6,23.0,100.0,100,83.0,1015.2958333333332,14.704166666666666,23.4,11.1,rain
2021-11-13,23.616666666666664,24.5,22.5,100.0,100,83.91666666666667,1015.1708333333332,21.175,31.5,26.7,rain
2021-11-14,23.8125,24.8,23.0,100.0,100,87.16666666666667,1014.775,17.05,22.7,22.2,rain
2021-11-15,24.72083333333333,25.2,24.2,99.91666666666667,100,87.625,1012.8249999999999,16.395833333333332,24.7,19.6,rain
2021-11-16,25.59166666666667,27.4,24.2,89.16666666666667,100,82.625,1012.9583333333334,13.954166666666666,20.3,4.0,rain
2021-11-17,24.991666666666664,26.5,23.5,98.0,100,88.95833333333333,1013.2624999999999,14.35,20.9,32.9,rain
2021-11-18,24.833333333333332,26.3,23.9,77.33333333333333,100,86.66666666666667,1012.4375,15.845833333333333,26.6,10.8,rain
2021-11-19,25.0125,26.9,23.5,57.958333333333336,100,84.29166666666667,1010.4875000000001,7.75,12.2,16.9,rain
2021-11-20,24.808333333333334,26.6,22.3,56.708333333333336,100,88.54166666666667,1010.0208333333334,6.454166666666667,12.1,0.5,rain
2021-11-21,25.175,27.2,22.7,46.958333333333336,100,89.45833333333333,1011.3833333333333,6.816666666666666,12.3,0.4,rain
2021-11-22,25.15833333333333,26.7,23.7,72.66666666666667,100,87.20833333333333,1013.4625,9.341666666666667,15.1,4.5,rain
2021-11-23,23.8,24.3,23.1,99.0,100,85.625,1015.9208333333332,25.520833333333332,31.7,14.1,rain
2021-11-24,23.650000000000002,24.6,22.8,99.83333333333333,100,81.54166666666667,1016.5708333333333,24.116666666666664,27.7,8.8,rain
2021-11-25,23.616666666666664,24.7,22.6,76.0,100,81.70833333333333,1016.0833333333334,14.85,23.0,1.7,rain
2021-11-26,23.724999999999998,25.2,22.1,74.29166666666667,100,80.25,1015.6999999999999,15.495833333333332,21.0,1.1,rain
2021-11-27,23.929166666666664,24.9,22.9,100.0,100,79.45833333333333,1015.7583333333333,22.833333333333332,31.2,6.9,rain
2021-11-28,24.066666666666666,24.7,23.2,100.0,100,85.79166666666667,1014.5708333333333,33.012499999999996,37.3,30.5,rain
2021-11-29,24.325,25.0,23.6,100.0,100,85.58333333333333,1013.7416666666667,29.620833333333334,36.4,24.1,rain
2021-11-30,24.166666666666668,25.4,22.3,98.66666666666667,100,75.04166666666667,1015.975,25.766666666666666,36.1,2.7,rain
2021-12-01,22.866666666666664,24.7,20.8,79.79166666666667,100,73.91666666666667,1018.2083333333334,18.158333333333335,25.0,3.8,rain
2021-12-02,22.1875,23.9,20.9,74.875,100,75.875,1018.5583333333334,17.666666666666668,24.9,2.6,rain
2021-12-03,21.849999999999998,23.7,19.7,57.75,100,69.16666666666667,1019.3541666666666,14.570833333333333,22.7,1.0,rain
2021-12-04,21.295833333333334,23.3,19.3,77.5,100,69.04166666666667,1019.0791666666668,13.475,21.6,0.1,cloudy
2021-12-05,21.195833333333333,22.0,20.2,99.95833333333333,100,80.20833333333333,1017.8333333333334,17.208333333333332,25.0,19.8,rain
2021-12-06,21.258333333333333,23.0,20.3,99.70833333333333,100,78.29166666666667,1017.8000000000001,13.916666666666666,21.4,8.5,rain
2021-12-07,20.870833333333334,22.5,19.3,76.45833333333333,100,80.20833333333333,1018.0791666666668,10.491666666666665,16.7,2.0,rain
2021-12-08,21.625,22.9,20.7,98.375,100,86.33333333333333,1017.5041666666666,11.195833333333333,21.5,18.6,rain
2021-12-09,23.241666666666664,25.7,21.4,58.583333333333336,100,84.08333333333333,1018.7833333333333,11.541666666666666,19.1,7.6,rain
2021-12-10,22.675,24.7,20.7,41.125,100,79.625,1018.1833333333334,10.466666666666667,17.8,3.3,rain
2021-12-11,22.308333333333334,24.1,19.3,68.75,100,83.375,1017.7666666666668,11.666666666666666,19.2,3.5,rain
2021-12-12,23.1875,24.6,22.0,91.41666666666667,100,82.79166666666667,1018.1125000000001,16.900000000000002,22.7,5.1,rain
2021-12-13,22.433333333333334,23.4,21.4,94.375,100,81.875,1018.1750000000001,17.1375,26.2,8.6,rain
2021-12-14,22.22083333333333,23.4,21.1,99.75,100,86.375,1016.0124999999999,13.454166666666666,18.9,5.5,rain
2021-12-15,22.75,23.9,21.6,100.0,100,92.75,1013.9250000000001,8.195833333333333,14.8,13.3,rain
2021-12-16,23.650000000000002,25.7,21.6,66.25,100,88.875,1013.8458333333333,6.516666666666667,12.3,0.0,cloudy
2021-12-17,23.275000000000002,25.2,21.4,94.5,100,86.33333333333333,1015.7666666666668,12.4125,19.9,4.5,rain
2021-12-18,22.6875,23.8,22.1,97.66666666666667,100,80.375,1017.125,24.8875,30.3,10.8,rain
2021-12-19,21.079166666666666,22.6,20.2,100.0,100,83.375,1015.8833333333333,32.38333333333333,37.8,29.5,rain
2021-12-20,20.712500000000002,22.5,19.5,86.91666666666667,100,79.625,1013.8291666666668,22.59166666666667,33.6,3.2,rain
2021-12-21,21.0,23.0,18.7,80.04166666666667,100,84.29166666666667,1015.5166666666668,12.0,22.6,0.0,cloudy
2021-12-22,22.079166666666666,23.7,21.0,77.25,100,84.45833333333333,1015.4,13.979166666666666,21.4,0.30000000000000004,rain
2021-12-23,22.21666666666667,23.5,21.0,94.29166666666667,100,87.625,1014.6374999999999,7.4125000000000005,14.8,0.2,cloudy
2021-12-24,22.4875,24.8,20.4,89.125,100,89.66666666666667,1014.6833333333334,5.745833333333334,11.0,1.6,rain
2021-12-25,22.55,23.3,21.9,94.33333333333333,100,90.45833333333333,1016.1041666666666,9.754166666666666,18.4,31.7,rain
2021-12-26,22.683333333333334,23.0,22.3,100.0,100,88.83333333333333,1017.6875,14.716666666666667,38.3,15.5,rain
2021-12-27,21.483333333333334,22.5,20.6,100.0,100,89.875,1019.3916666666668,33.49583333333333,41.2,112.9,rain
2021-12-28,21.820833333333336,22.9,20.5,100.0,100,89.625,1019.4916666666667,23.84583333333333,30.6,69.2,rain
2021-12-29,22.770833333333332,24.1,21.5,54.791666666666664,100,87.20833333333333,1019.4375,16.95,21.3,4.3,rain
2021-12-30,22.379166666666666,23.8,21.6,69.79166666666667,100,85.33333333333333,1021.1333333333333,20.037499999999998,28.0,6.4,rain
2021-12-31,21.96666666666667,23.2,20.8,64.16666666666667,100,83.08333333333333,1021.0791666666668,15.791666666666666,23.2,4.7,rain
2022-01-01,22.058333333333334,24.0,20.9,96.08333333333333,100,85.83333333333333,1020.2125,11.454166666666666,19.2,8.9,rain
2022-01-02,21.875,22.8,21.0,98.66666666666667,100,86.625,1019.25,15.645833333333334,25.5,16.2,rain
2022-01-03,21.95,23.7,19.6,91.16666666666667,100,85.79166666666667,1017.7083333333334,9.625,15.6,3.4,rain
2022-01-04,21.979166666666668,23.9,19.1,80.70833333333333,100,88.58333333333333,1016.7083333333334,7.879166666666666,13.8,2.9000000000000004,rain
2022-01-05,22.55,24.0,21.3,77.375,100,89.625,1015.1916666666666,6.579166666666667,15.8,2.0,rain
2022-01-06,22.962500000000002,24.8,21.3,92.0,100,87.16666666666667,1016.2458333333334,5.9125000000000005,12.7,1.5,rain
2022-01-07,22.358333333333334,24.7,20.5,72.20833333333333,100,86.54166666666667,1017.7958333333332,7.566666666666666,12.7,3.1,rain
2022-01-08,22.516666666666666,23.5,21.3,95.83333333333333,100,87.91666666666667,1016.8125,10.137500000000001,17.4,8.7,rain
2022-01-09,22.741666666666664,24.0,21.1,60.583333333333336,100,87.29166666666667,1015.375,7.1499999999999995,11.5,6.3,rain
2022-01-10,22.84583333333333,24.9,20.4,60.041666666666664,100,87.95833333333333,1015.1666666666666,8.225,16.4,1.8,rain
2022-01-11,22.458333333333332,23.8,21.3,65.33333333333333,100,86.95833333333333,1017.3041666666667,9.291666666666666,17.7,3.1,rain
2022-01-12,21.90416666666667,23.6,20.7,70.25,100,85.83333333333333,1017.6916666666666,7.629166666666666,14.8,4.0,rain
2022-01-13,22.066666666666666,24.2,19.9,67.5,100,86.29166666666667,1018.0875,7.416666666666667,16.2,4.0,rain
2022-01-14,21.6125,23.6,19.1,49.25,100,90.58333333333333,1017.4291666666667,6.554166666666667,12.9,0.8,rain
2022-01-15,22.150000000000002,24.6,19.4,51.0,100,86.04166666666667,1016.7875,8.566666666666666,16.2,0.30000000000000004,rain
2022-01-16,21.962500000000002,25.0,18.5,29.416666666666668,100,88.45833333333333,1016.4583333333334,7.658333333333334,14.4,0.4,rain
2022-01-17,22.59166666666667,24.2,20.5,62.875,100,87.5,1016.9416666666666,6.583333333333333,10.1,2.5,rain
2022-01-18,21.554166666666664,22.6,20.9,91.0,100,87.58333333333333,1017.725,16.912499999999998,24.7,21.4,rain
2022-01-19,21.3,22.2,20.2,97.41666666666667,100,88.83333333333333,1016.3583333333332,13.9125,19.7,20.4,rain
2022-01-20,21.691666666666666,23.6,19.3,59.208333333333336,100,84.08333333333333,1014.9125,8.229166666666666,14.2,4.0,rain
2022-01-21,22.479166666666668,24.3,20.3,65.625,100,85.875,1014.1291666666666,6.2375,11.1,3.4,rain
2022-01-22,22.858333333333334,25.4,20.1,30.791666666666668,100,88.58333333333333,1011.2458333333334,9.083333333333334,19.1,0.0,cloudy
2022-01-23,23.145833333333332,26.1,20.5,46.875,100,91.125,1010.7583333333333,8.191666666666666,19.8,2.0,rain
2022-01-24,23.458333333333332,26.1,20.3,44.416666666666664,100,92.58333333333333,1011.2833333333333,5.220833333333333,11.5,2.6999999999999997,rain
2022-01-25,22.933333333333334,24.5,21.0,45.0,94,90.33333333333333,1012.975,6.195833333333334,10.8,0.8,rain
2022-01-26,22.941666666666666,24.8,20.3,43.541666666666664,100,91.58333333333333,1013.6958333333333,7.204166666666667,13.4,0.5,rain
2022-01-27,22.679166666666664,25.5,19.6,30.333333333333332,100,90.41666666666667,1013.7833333333333,6.533333333333334,14.0,0.30000000000000004,rain
2022-01-28,23.1125,25.5,20.2,40.458333333333336,100,87.91666666666667,1013.2624999999999,6.229166666666667,16.9,0.9000000000000001,rain
2022-01-29,23.229166666666668,25.7,20.0,34.875,100,90.41666666666667,1011.5500000000001,8.604166666666666,19.5,0.1,cloudy
2022-01-30,23.166666666666668,25.3,21.7,75.83333333333333,100,89.16666666666667,1012.3666666666667,8.737499999999999,17.7,43.3,rain
2022-01-31,22.162499999999998,23.9,20.3,94.875,100,84.54166666666667,1013.4041666666667,15.075000000000001,28.7,2.7,rain
2022-02-01,21.2625,23.9,20.2,90.04166666666667,100,81.0,1014.6374999999999,16.720833333333335,27.2,3.0,rain
2022-02-02,21.804166666666664,24.7,19.6,53.041666666666664,100,84.29166666666667,1015.3791666666666,13.920833333333334,24.7,0.0,cloudy
2022-02-03,21.599999999999998,23.4,20.0,77.25,100,82.91666666666667,1016.0875,19.083333333333332,31.0,0.0,cloudy
2022-02-04,21.145833333333332,22.8,20.0,98.75,100,84.5,1017.6583333333333,17.316666666666666,26.3,5.2,rain
2022-02-05,21.695833333333336,22.6,20.9,99.0,100,84.83333333333333,1018.0625,19.295833333333334,27.1,12.0,rain
2022-02-06,22.375,23.8,21.0,96.375,100,82.66666666666667,1016.9666666666667,15.358333333333333,19.9,2.7,rain
2022-02-07,22.729166666666668,25.9,19.4,49.666666666666664,100,89.375,1013.8958333333334,8.266666666666667,18.9,0.1,cloudy
2022-02-08,22.945833333333336,25.3,20.0,58.291666666666664,100,93.5,1013.7416666666667,9.012500000000001,18.3,0.30000000000000004,rain
2022-02-09,23.695833333333336,25.3,22.0,55.375,100,92.08333333333333,1014.6041666666666,7.866666666666667,16.9,1.9000000000000001,rain
2022-02-10,23.4875,24.8,22.2,64.20833333333333,100,91.875,1014.1416666666668,7.208333333333333,13.6,1.1,rain
2022-02-11,23.133333333333336,25.3,20.4,57.083333333333336,100,91.625,1013.3125,9.958333333333334,20.5,0.5,rain
2022-02-12,23.5125,24.9,21.6,89.70833333333333,100,86.79166666666667,1012.4916666666667,12.254166666666668,21.0,2.8,rain
2022-02-13,23.983333333333334,25.4,22.1,81.0,100,87.5,1010.7458333333334,12.3125,18.2,0.8,rain
2022-02-14,22.666666666666668,23.7,21.4,99.91666666666667,100,84.625,1013.5041666666666,10.816666666666668,19.4,9.1,rain
2022-02-15,22.358333333333334,23.5,21.4,100.0,100,85.58333333333333,1013.5083333333333,7.016666666666667,14.8,0.8,rain
2022-02-16,22.724999999999998,23.5,22.1,99.75,100,89.08333333333333,1011.5333333333333,7.445833333333333,11.1,4.5,rain
2022-02-17,23.825,26.1,22.2,76.91666666666667,100,92.16666666666667,1009.6458333333334,9.091666666666667,20.0,0.0,cloudy
2022-02-18,24.891666666666666,27.5,22.9,66.83333333333333,100,91.08333333333333,1010.2208333333333,12.766666666666666,22.5,0.2,cloudy
2022-02-19,24.570833333333336,27.5,21.0,56.583333333333336,100,89.70833333333333,1011.0041666666666,14.970833333333333,32.6,4.1,rain
2022-02-20,19.6375,20.5,18.2,99.83333333333333,100,80.91666666666667,1015.9208333333332,26.995833333333334,32.5,0.9,rain
2022-02-21,18.695833333333333,20.0,17.9,98.08333333333333,100,78.20833333333333,1017.8083333333334,14.783333333333333,21.7,0.0,cloudy
2022-02-22,19.537499999999998,22.0,18.1,91.95833333333333,100,80.08333333333333,1019.1125000000001,20.733333333333334,29.2,0.30000000000000004,rain
2022-02-23,18.76666666666667,19.1,18.2,99.875,100,79.125,1021.8833333333333,30.5,35.3,0.9,rain
2022-02-24,18.879166666666666,20.0,17.8,100.0,100,83.04166666666667,1022.5166666666668,18.245833333333334,21.5,4.0,rain
2022-02-25,19.825,20.8,18.5,100.0,100,86.75,1021.2375000000001,11.325000000000001,14.8,7.8,rain
2022-02-26,21.108333333333334,22.0,19.5,100.0,100,85.91666666666667,1019.4416666666666,13.15,20.0,5.7,rain
2022-02-27,21.925,23.5,20.7,99.83333333333333,100,83.25,1017.7958333333332,11.8125,16.4,3.2,rain
2022-02-28,21.520833333333332,24.3,17.7,62.291666666666664,100,86.58333333333333,1015.6666666666666,8.804166666666667,16.9,0.0,cloudy
2022-03-01,22.820833333333336,24.9,19.9,50.791666666666664,100,89.04166666666667,1015.0375,10.933333333333332,17.1,0.1,cloudy
2022-03-02,23.03333333333333,24.5,21.3,46.125,100,88.95833333333333,1015.725,9.820833333333333,14.4,0.2,cloudy
2022-03-03,22.604166666666668,24.3,20.3,44.333333333333336,99,89.54166666666667,1014.3375,7.133333333333333,13.8,0.1,cloudy
2022-03-04,22.979166666666668,25.8,19.6,58.916666666666664,100,90.79166666666667,1012.525,9.533333333333333,19.5,0.0,cloudy
2022-03-05,24.054166666666664,25.5,22.8,72.54166666666667,100,90.16666666666667,1011.3791666666666,11.833333333333334,17.7,0.6000000000000001,rain
2022-03-06,24.429166666666664,26.4,22.5,66.33333333333333,100,92.04166666666667,1011.2833333333333,11.8375,21.4,0.0,cloudy
2022-03-07,24.224999999999998,25.6,23.0,79.45833333333333,100,90.25,1014.2083333333334,13.4125,20.3,2.7,rain
2022-03-08,23.03333333333333,24.5,21.8,45.708333333333336,100,75.25,1014.9458333333333,13.266666666666666,19.6,0.4,rain
2022-03-09,22.27916666666667,24.2,19.9,74.91666666666667,100,75.5,1013.6208333333334,8.083333333333334,13.0,0.0,cloudy
2022-03-10,22.77916666666667,25.8,20.2,66.16666666666667,100,77.41666666666667,1012.8000000000001,5.633333333333333,11.4,0.0,cloudy
2022-03-11,22.825,24.9,20.2,70.45833333333333,100,88.66666666666667,1011.8416666666667,7.220833333333334,14.5,0.9,rain
2022-03-12,23.141666666666666,25.3,20.7,74.91666666666667,100,87.91666666666667,1011.0708333333333,8.262500000000001,15.6,1.0,rain
2022-03-13,23.05,25.5,19.3,69.29166666666667,100,90.125,1010.7458333333334,9.416666666666666,17.5,0.0,cloudy
2022-03-14,24.041666666666668,25.8,21.7,65.375,100,89.125,1010.3041666666667,9.808333333333334,17.4,0.2,cloudy
2022-03-15,24.554166666666664,26.2,23.3,59.125,100,88.58333333333333,1009.5541666666667,8.883333333333333,15.5,0.4,rain
2022-03-16,24.445833333333336,25.9,22.9,62.375,100,87.875,1009.2458333333334,9.4625,15.8,0.7000000000000001,rain
2022-03-17,24.7,26.8,22.5,38.625,96,89.875,1007.7166666666667,10.4,17.3,0.0,cloudy
2022-03-18,24.75,26.3,23.1,88.0,100,92.08333333333333,1008.4375,5.550000000000001,9.8,6.2,rain
2022-03-19,25.2625,26.7,24.2,88.58333333333333,100,92.5,1007.7416666666667,9.137500000000001,16.4,2.7,rain
2022-03-20,25.65416666666667,28.3,23.6,77.29166666666667,100,91.20833333333333,1008.225,12.129166666666668,22.2,0.0,cloudy
2022-03-21,26.166666666666668,28.9,23.7,95.33333333333333,100,90.20833333333333,1009.6083333333332,12.570833333333333,22.5,5.3,rain
2022-03-22,26.433333333333334,29.1,24.6,93.95833333333333,100,90.20833333333333,1010.1958333333333,13.370833333333332,23.3,0.1,cloudy
2022-03-23,26.34166666666667,28.5,24.3,68.625,100,90.20833333333333,1010.2916666666666,8.8125,14.3,1.7999999999999998,rain
2022-03-24,25.59583333333333,27.2,23.5,98.375,100,88.33333333333333,1010.4,7.491666666666667,16.0,0.6000000000000001,rain
2022-03-25,27.22083333333333,29.9,24.6,30.25,100,87.25,1009.1916666666666,12.445833333333333,23.8,0.0,cloudy
2022-03-26,27.599999999999998,30.2,24.2,14.708333333333334,58,89.95833333333333,1009.6833333333334,6.929166666666667,13.9,0.0,sunny
2022-03-27,27.604166666666668,30.1,25.2,45.5,100,85.875,1009.8083333333334,9.9375,16.2,0.2,cloudy
2022-03-28,25.025000000000002,26.2,24.1,93.625,100,82.16666666666667,1013.3249999999999,21.2375,30.6,2.5,rain
2022-03-29,25.229166666666668,27.1,23.8,65.08333333333333,100,79.5,1012.7958333333332,12.987499999999999,24.2,0.5,rain
2022-03-30,25.3625,27.6,23.8,85.41666666666667,100,85.58333333333333,1011.8458333333333,11.095833333333333,22.6,3.0,rain
2022-03-31,24.462500000000002,25.2,23.8,100.0,100,90.33333333333333,1011.8000000000001,12.504166666666668,23.4,37.6,rain
2022-04-01,24.604166666666668,25.1,24.0,100.0,100,89.70833333333333,1012.6750000000001,24.7375,31.9,160.1,rain
2022-04-02,22.508333333333336,24.2,21.5,99.45833333333333,100,84.41666666666667,1017.0833333333334,30.266666666666666,42.5,73.9,rain
2022-04-03,20.829166666666666,21.5,20.2,100.0,100,86.625,1018.5375,20.254166666666666,27.8,23.5,rain
2022-04-04,22.358333333333334,24.1,20.8,100.0,100,81.83333333333333,1018.375,16.133333333333333,25.0,8.0,rain
2022-04-05,24.141666666666666,25.4,23.0,72.58333333333333,100,80.625,1017.3166666666666,17.770833333333332,25.7,2.1,rain
2022-04-06,23.895833333333332,25.9,22.8,80.79166666666667,100,84.29166666666667,1016.0958333333333,16.220833333333335,21.5,2.1,rain
2022-04-07,23.583333333333332,25.8,21.4,80.95833333333333,100,83.41666666666667,1015.4416666666666,10.35,18.7,0.30000000000000004,rain
2022-04-08,23.008333333333336,26.0,19.3,53.125,100,82.83333333333333,1014.275,8.095833333333333,14.1,0.1,cloudy
2022-04-09,22.766666666666666,25.1,19.4,58.208333333333336,100,83.58333333333333,1012.3708333333334,6.966666666666666,12.8,0.0,cloudy
2022-04-10,23.462500000000002,26.4,19.8,34.291666666666664,100,87.0,1010.8541666666666,7.370833333333334,16.9,0.0,cloudy
2022-04-11,24.45,26.5,21.9,43.583333333333336,91,88.5,1009.7166666666667,8.145833333333334,17.7,0.0,cloudy
2022-04-12,25.0625,27.4,22.8,69.54166666666667,100,89.125,1007.7333333333332,11.433333333333332,21.0,0.0,cloudy
2022-04-13,25.525000000000002,27.8,23.0,70.20833333333333,100,94.0,1006.3708333333334,5.466666666666666,14.6,0.0,cloudy
2022-04-14,26.037499999999998,28.3,23.9,81.125,100,92.625,1007.2958333333332,6.270833333333333,15.9,0.30000000000000004,rain
2022-04-15,26.104166666666668,28.3,23.6,73.95833333333333,100,90.91666666666667,1008.1041666666666,12.045833333333334,19.5,0.30000000000000004,rain
2022-04-16,26.22083333333333,27.9,24.9,61.041666666666664,100,89.41666666666667,1008.6999999999999,16.1875,25.4,0.7000000000000001,rain
2022-04-17,26.020833333333332,28.0,24.2,86.91666666666667,100,86.25,1010.7458333333334,13.108333333333334,19.1,1.9000000000000001,rain
2022-04-18,25.2,26.9,23.3,78.08333333333333,100,87.54166666666667,1013.15,10.158333333333333,19.8,2.8000000000000003,rain
2022-04-19,24.55,25.9,23.2,53.458333333333336,100,84.125,1014.3375,16.754166666666666,21.3,2.4,rain
2022-04-20,24.3875,25.7,23.4,82.58333333333333,100,85.33333333333333,1012.9666666666667,11.629166666666668,25.8,8.6,rain
2022-04-21,25.304166666666664,27.5,23.1,53.166666666666664,100,87.625,1011.1791666666667,7.366666666666667,15.7,0.6000000000000001,rain
2022-04-22,26.258333333333336,28.9,23.7,82.95833333333333,100,88.16666666666667,1010.0416666666666,10.066666666666666,20.4,0.0,cloudy
2022-04-23,26.641666666666666,28.8,24.7,64.58333333333333,100,89.66666666666667,1008.8708333333334,10.766666666666666,17.8,0.0,cloudy
2022-04-24,27.291666666666668,29.9,25.1,31.541666666666668,99,89.625,1006.9916666666667,13.066666666666668,21.6,1.7,rain
2022-04-25,27.55,30.2,25.3,46.833333333333336,100,88.375,1006.4875000000001,13.641666666666666,22.7,0.0,cloudy
2022-04-26,27.84166666666667,30.8,25.5,86.95833333333333,100,88.79166666666667,1005.8458333333333,13.695833333333333,22.4,0.0,cloudy
2022-04-27,27.866666666666664,30.3,25.9,30.333333333333332,100,89.875,1006.5416666666666,13.766666666666666,21.5,0.0,cloudy
2022-04-28,27.84583333333333,30.3,25.8,80.70833333333333,100,85.33333333333333,1007.7624999999999,17.2,26.9,0.0,cloudy
2022-04-29,27.416666666666668,29.4,25.5,72.33333333333333,100,86.08333333333333,1008.8833333333333,12.116666666666667,18.2,0.5,rain
2022-04-30,26.587500000000002,28.1,25.1,99.70833333333333,100,85.29166666666667,1008.2458333333334,13.445833333333333,19.9,4.9,rain
2022-05-01,26.333333333333332,28.0,23.5,100.0,100,85.66666666666667,1007.3041666666667,10.6625,28.3,15.8,rain
2022-05-02,23.633333333333336,24.7,22.8,99.95833333333333,100,83.91666666666667,1011.1208333333334,25.837500000000002,35.4,12.7,rain
2022-05-03,23.454166666666666,24.5,22.8,99.20833333333333,100,83.20833333333333,1013.5625,17.770833333333332,26.5,3.9000000000000004,rain
2022-05-04,24.2,25.8,22.6,94.41666666666667,100,78.29166666666667,1012.5458333333332,17.054166666666667,23.8,0.0,cloudy
2022-05-05,25.27916666666667,26.7,23.9,74.04166666666667,100,81.54166666666667,1010.5958333333333,9.979166666666666,17.0,0.0,cloudy
2022-05-06,25.729166666666668,27.1,24.0,87.04166666666667,100,88.5,1009.7041666666668,6.8875,14.8,0.30000000000000004,rain
2022-05-07,26.183333333333334,28.0,24.4,88.875,100,89.58333333333333,1010.0083333333333,6.733333333333333,14.8,0.5,rain
2022-05-08,26.175,28.0,24.5,85.5,100,88.95833333333333,1010.0791666666668,7.779166666666666,14.2,2.8,rain
2022-05-09,26.72083333333333,28.4,24.8,72.79166666666667,100,89.16666666666667,1009.7375000000001,8.666666666666666,16.6,1.5,rain
2022-05-10,27.2375,30.2,25.2,73.41666666666667,100,89.375,1008.1208333333334,9.070833333333333,17.0,2.3000000000000003,rain
2022-05-11,27.645833333333332,30.0,25.0,41.125,99,89.125,1006.8916666666668,8.375,14.7,0.2,cloudy
2022-05-12,28.2625,31.3,25.8,68.25,100,89.08333333333333,1005.6791666666667,7.229166666666667,14.6,0.2,cloudy
2022-05-13,28.695833333333336,33.4,26.1,88.45833333333333,100,86.54166666666667,1004.8833333333333,6.6625000000000005,16.4,0.0,cloudy
2022-05-14,28.041666666666668,31.2,25.9,84.75,100,88.29166666666667,1006.8708333333334,6.8500000000000005,14.9,7.6,rain
2022-05-15,28.087500000000002,31.0,26.2,89.54166666666667,100,88.25,1007.5791666666668,6.933333333333334,13.8,10.200000000000001,rain
2022-05-16,26.195833333333336,27.8,25.0,99.08333333333333,100,86.125,1009.5958333333333,18.01666666666667,32.7,2.6,rain
2022-05-17,25.22083333333333,26.5,24.3,96.33333333333333,100,83.79166666666667,1011.1708333333332,13.15,17.3,3.3000000000000003,rain
2022-05-18,25.633333333333336,27.1,24.5,90.375,100,85.0,1011.3958333333334,7.854166666666667,18.5,3.8000000000000003,rain
2022-05-19,26.458333333333332,28.3,24.5,81.95833333333333,100,85.70833333333333,1010.3625000000001,6.845833333333334,13.5,2.3000000000000003,rain
2022-05-20,26.854166666666668,28.5,24.8,89.75,100,85.625,1008.2291666666666,6.925,14.0,7.300000000000001,rain
2022-05-21,26.608333333333334,28.5,24.6,93.5,100,86.29166666666667,1005.6083333333332,8.066666666666666,12.0,6.0,rain
2022-05-22,27.379166666666666,29.8,25.1,98.16666666666667,100,87.29166666666667,1002.4666666666667,7.683333333333334,16.7,0.7000000000000001,rain
2022-05-23,28.016666666666666,30.7,25.1,98.58333333333333,100,86.625,1002.8333333333334,6.029166666666666,15.8,2.9,rain
2022-05-24,27.962500000000002,29.8,26.0,94.54166666666667,100,87.375,1006.1916666666666,5.516666666666667,9.4,1.3,rain
2022-05-25,27.825,30.4,25.4,97.04166666666667,100,88.70833333333333,1006.4833333333332,6.079166666666667,13.5,2.3,rain
2022-05-26,28.833333333333332,32.2,25.6,99.125,100,84.25,1003.7666666666668,7.454166666666667,11.1,2.7,rain
2022-05-27,28.508333333333336,33.3,25.9,98.70833333333333,100,85.04166666666667,1002.4541666666668,7.104166666666667,12.7,8.8,rain
2022-05-28,28.270833333333332,31.2,25.7,65.875,100,82.5,1002.5541666666667,8.179166666666667,17.4,2.9,rain
2022-05-29,28.441666666666666,31.9,25.3,23.25,84,81.25,1003.4208333333332,8.308333333333334,15.9,1.8,rain
2022-05-30,28.675,31.7,25.4,48.75,96,82.45833333333333,1004.0166666666668,5.754166666666666,11.9,0.30000000000000004,rain
2022-05-31,28.891666666666666,31.8,26.4,67.5,100,84.20833333333333,1004.6541666666667,7.066666666666666,10.5,5.1000000000000005,rain
2022-06-01,28.520833333333332,31.5,26.0,83.66666666666667,100,85.125,1005.4833333333332,8.1875,15.8,7.800000000000001,rain
2022-06-02,28.9875,32.2,26.2,83.25,100,82.0,1005.0291666666667,8.354166666666666,13.4,0.8,rain
2022-06-03,29.566666666666666,33.8,26.6,95.125,100,75.54166666666667,1004.975,9.083333333333334,21.6,4.0,rain
2022-06-04,30.191666666666666,35.9,26.3,71.95833333333333,100,72.16666666666667,1005.3333333333334,11.683333333333332,22.2,0.8,rain
2022-06-05,30.329166666666666,35.1,26.9,99.83333333333333,100,72.95833333333333,1004.3416666666667,10.025,15.1,0.2,cloudy
2022-06-06,29.97083333333333,34.1,26.9,96.41666666666667,100,73.95833333333333,1003.9458333333333,10.541666666666666,18.1,0.2,cloudy
2022-06-07,29.5,34.1,26.6,99.79166666666667,100,75.125,1004.6958333333333,9.674999999999999,18.0,1.2000000000000002,rain
2022-06-08,29.125,32.3,26.2,99.91666666666667,100,81.0,1005.35,6.958333333333333,17.5,0.5,rain
2022-06-09,29.691666666666666,33.2,26.2,100.0,100,80.625,1004.9541666666668,8.025,19.2,0.0,cloudy
2022-06-10,30.09166666666667,34.1,27.5,100.0,100,78.54166666666667,1004.7041666666668,9.4625,18.6,0.0,cloudy
2022-06-11,30.46666666666667,36.0,27.1,100.0,100,71.58333333333333,1005.8166666666666,9.924999999999999,20.9,3.5,rain
2022-06-12,29.71666666666667,33.1,26.2,96.75,100,76.95833333333333,1006.3666666666667,9.7,17.3,0.0,cloudy
2022-06-13,30.45,33.8,26.7,99.875,100,73.83333333333333,1005.9708333333333,9.450000000000001,17.6,0.0,cloudy
2022-06-14,30.808333333333334,34.8,27.2,100.0,100,70.83333333333333,1006.3458333333333,8.133333333333333,16.7,0.0,cloudy
2022-06-15,29.3625,32.2,27.0,99.54166666666667,100,77.5,1008.0041666666666,8.233333333333333,18.6,0.1,cloudy
2022-06-16,29.741666666666664,33.0,26.4,89.625,100,77.08333333333333,1008.0833333333334,11.020833333333334,20.7,0.0,cloudy
2022-06-17,30.6375,35.1,26.6,65.33333333333333,100,71.5,1006.8625000000001,10.379166666666666,22.4,0.1,cloudy
2022-06-18,31.724999999999998,36.9,27.3,84.95833333333333,100,67.16666666666667,1005.5375,12.241666666666667,22.9,0.0,cloudy
2022-06-19,31.616666666666664,36.7,28.2,69.75,100,65.83333333333333,1004.4166666666666,11.633333333333333,28.0,0.0,cloudy
2022-06-20,31.245833333333334,36.3,27.9,91.41666666666667,100,67.625,1003.0958333333333,12.825000000000001,27.1,0.6,rain
2022-06-21,31.379166666666666,36.6,27.6,82.5,100,65.41666666666667,1003.4250000000001,12.575000000000001,20.2,0.1,cloudy
2022-06-22,30.53333333333333,35.3,27.7,99.33333333333333,100,69.125,1006.7375000000001,11.216666666666667,21.5,1.1,rain
2022-06-23,29.22083333333333,32.0,27.1,77.45833333333333,100,77.33333333333333,1008.0458333333332,15.591666666666667,26.7,0.1,cloudy
2022-06-24,28.65833333333333,31.3,26.8,82.66666666666667,100,77.75,1007.1708333333332,13.679166666666667,22.1,0.6000000000000001,rain
2022-06-25,28.670833333333334,31.3,26.1,83.79166666666667,100,75.25,1006.3625000000001,10.7875,18.7,0.0,cloudy
2022-06-26,29.508333333333336,32.8,26.6,42.5,100,73.79166666666667,1007.5166666666668,10.429166666666667,17.8,0.0,cloudy
2022-06-27,29.683333333333334,33.0,26.2,42.666666666666664,99,73.45833333333333,1006.7833333333333,10.450000000000001,16.6,0.0,cloudy
2022-06-28,30.691666666666666,34.4,27.6,82.54166666666667,100,72.95833333333333,1004.0124999999999,8.725,18.3,0.1,cloudy
2022-06-29,30.925,34.0,27.4,93.91666666666667,100,70.70833333333333,1001.1416666666668,8.766666666666667,16.8,0.2,cloudy
2022-06-30,29.583333333333332,31.8,28.1,100.0,100,76.16666666666667,1000.7541666666666,8.745833333333334,14.7,4.0,rain
2022-07-01,28.09583333333333,28.8,27.4,100.0,100,84.04166666666667,1000.3249999999999,5.358333333333333,11.9,3.4,rain
2022-07-02,28.116666666666664,31.0,25.6,100.0,100,81.08333333333333,999.8249999999999,7.333333333333333,14.0,17.9,rain
2022-07-03,30.78333333333333,35.3,27.7,99.875,100,69.58333333333333,1001.0375,11.262500000000001,19.9,0.0,cloudy
2022-07-04,30.65416666666667,35.1,28.1,97.20833333333333,100,70.75,1001.7291666666666,11.133333333333333,16.5,0.0,cloudy
2022-07-05,30.741666666666664,36.0,27.7,99.04166666666667,100,70.54166666666667,1003.1999999999999,11.1,18.0,6.799999999999999,rain
2022-07-06,29.191666666666666,32.9,26.6,100.0,100,80.83333333333333,1004.7833333333333,8.116666666666667,14.8,0.7,rain
2022-07-07,28.4375,32.8,26.2,99.875,100,84.375,1005.0416666666666,6.6125,17.3,24.5,rain
2022-07-08,28.150000000000002,30.5,26.3,99.79166666666667,100,85.29166666666667,1005.1583333333333,8.0875,14.8,3.5,rain
2022-07-09,27.083333333333332,29.0,25.1,99.83333333333333,100,86.54166666666667,1004.3458333333333,7.3374999999999995,17.9,16.3,rain
2022-07-10,26.55,27.6,25.4,99.75,100,86.70833333333333,1003.9333333333334,10.808333333333332,21.8,8.9,rain
2022-07-11,26.983333333333334,29.3,25.3,82.54166666666667,100,85.79166666666667,1003.6958333333333,6.175,15.4,6.4,rain
2022-07-12,27.025000000000002,29.4,24.9,58.5,100,86.45833333333333,1003.8083333333334,7.9375,17.7,6.4,rain
2022-07-13,27.379166666666666,29.8,24.9,85.75,100,84.16666666666667,1002.7791666666667,6.583333333333333,12.9,10.3,rain
2022-07-14,27.53333333333333,29.7,25.1,73.66666666666667,100,84.33333333333333,1003.2583333333333,7.2625,13.7,4.6,rain
2022-07-15,27.854166666666668,30.1,25.4,23.333333333333332,93,85.79166666666667,1004.7958333333332,5.691666666666666,13.1,0.30000000000000004,rain
2022-07-16,28.349999999999998,31.1,25.7,86.91666666666667,100,84.5,1005.4583333333334,7.4875,14.7,0.0,cloudy
2022-07-17,28.695833333333336,31.8,26.1,81.66666666666667,100,84.0,1005.5583333333334,8.225,13.5,2.2,rain
2022-07-18,29.575,32.5,26.3,74.08333333333333,100,78.45833333333333,1004.1333333333333,9.483333333333333,15.3,0.0,cloudy
2022-07-19,29.016666666666666,31.9,26.9,97.29166666666667,100,82.33333333333333,1003.9208333333332,7.8374999999999995,16.5,1.6,rain
2022-07-20,27.729166666666668,29.7,26.2,91.04166666666667,100,84.20833333333333,1005.6,7.7250000000000005,17.2,5.7,rain
2022-07-21,27.954166666666666,30.7,25.8,70.29166666666667,100,82.45833333333333,1008.0791666666668,10.791666666666666,22.3,2.6,rain
2022-07-22,28.304166666666664,31.0,25.1,83.79166666666667,100,81.41666666666667,1009.9250000000001,9.3375,19.1,0.6,rain
2022-07-23,28.27916666666667,30.8,25.2,45.833333333333336,100,81.45833333333333,1009.1916666666666,8.483333333333333,16.3,0.30000000000000004,rain
2022-07-24,28.650000000000002,31.6,25.2,7.25,51,77.70833333333333,1007.7583333333333,9.2875,17.0,0.7,rain
2022-07-25,28.933333333333334,31.9,25.6,34.333333333333336,95,78.33333333333333,1008.0916666666667,9.595833333333333,18.4,0.0,cloudy
2022-07-26,29.0125,31.7,25.4,35.708333333333336,92,76.20833333333333,1007.7791666666667,10.329166666666667,19.1,0.0,cloudy
2022-07-27,29.2,31.8,26.3,78.20833333333333,100,75.5,1007.1333333333333,9.520833333333334,17.6,0.1,cloudy
2022-07-28,29.333333333333332,32.6,26.0,35.75,100,72.95833333333333,1006.6125000000001,8.4,16.4,0.0,cloudy
2022-07-29,29.645833333333332,32.1,26.6,42.583333333333336,100,73.54166666666667,1005.5875,8.516666666666667,16.4,0.0,cloudy
2022-07-30,30.241666666666664,33.2,26.9,55.083333333333336,100,71.08333333333333,1004.375,9.045833333333333,16.1,0.0,cloudy
2022-07-31,29.583333333333332,33.5,27.1,32.583333333333336,100,73.54166666666667,1004.025,9.008333333333333,18.1,0.9,rain
2022-08-01,29.479166666666668,32.9,26.6,50.416666666666664,100,72.0,1004.8041666666667,10.070833333333333,16.1,1.1,rain
2022-08-02,29.266666666666666,32.7,27.0,54.583333333333336,100,75.25,1006.1625,8.445833333333333,16.6,0.7000000000000001,rain
2022-08-03,29.075,32.1,26.4,87.875,100,77.375,1006.8000000000001,7.6125,15.4,1.1,rain
2022-08-04,29.09166666666667,32.8,26.4,73.33333333333333,100,75.79166666666667,1005.3833333333333,7.479166666666667,18.6,2.8,rain
2022-08-05,28.770833333333332,33.5,26.2,96.79166666666667,100,76.33333333333333,1004.6041666666666,8.245833333333334,19.4,3.1,rain
2022-08-06,28.77916666666667,32.1,26.1,100.0,100,76.41666666666667,1004.3833333333333,7.7124999999999995,14.4,0.3,rain
2022-08-07,27.854166666666668,30.7,25.5,100.0,100,81.08333333333333,1004.35,9.216666666666667,20.6,9.200000000000001,rain
2022-08-08,26.025000000000002,27.4,25.0,100.0,100,88.66666666666667,1002.8916666666668,6.4375,17.8,31.9,rain
2022-08-09,26.420833333333334,28.4,24.5,100.0,100,86.66666666666667,1002.0458333333332,6.495833333333334,11.5,15.3,rain
2022-08-10,27.295833333333334,31.4,25.2,100.0,100,84.79166666666667,1001.6958333333333,6.633333333333334,14.8,8.2,rain
2022-08-11,28.162499999999998,31.5,25.6,99.29166666666667,100,81.04166666666667,1003.3833333333333,10.4375,16.4,0.2,cloudy
2022-08-12,28.058333333333334,30.5,25.7,99.66666666666667,100,84.45833333333333,1006.1875,6.2625,19.7,2.3,rain
2022-08-13,28.416666666666668,31.5,26.0,69.83333333333333,100,83.16666666666667,1007.2083333333334,6.191666666666666,14.3,0.4,rain
2022-08-14,28.400000000000002,31.0,25.7,53.75,100,82.29166666666667,1007.0458333333332,6.570833333333333,10.4,0.0,cloudy
2022-08-15,28.395833333333332,31.9,26.0,66.83333333333333,100,81.04166666666667,1005.7666666666668,7.633333333333333,15.1,1.4,rain
2022-08-16,27.925,30.9,25.3,97.29166666666667,100,80.79166666666667,1005.1625,7.7124999999999995,14.8,3.3,rain
2022-08-17,28.53333333333333,31.3,25.7,79.0,100,80.95833333333333,1005.4791666666666,6.783333333333334,20.8,1.0,rain
2022-08-18,28.479166666666668,31.6,25.8,48.333333333333336,100,80.25,1005.2291666666666,6.5249999999999995,17.1,1.0,rain
2022-08-19,28.166666666666668,31.8,25.8,100.0,100,83.08333333333333,1004.1541666666667,7.391666666666667,12.5,6.9,rain
2022-08-20,26.891666666666666,28.2,26.1,100.0,100,86.125,1003.3375,9.1875,14.6,7.6,rain
2022-08-21,28.729166666666668,32.0,25.7,58.791666666666664,100,79.875,1004.0541666666667,10.145833333333334,21.4,0.0,cloudy
2022-08-22,28.795833333333334,32.1,25.4,47.166666666666664,100,80.29166666666667,1005.8000000000001,7.395833333333333,17.7,1.3,rain
2022-08-23,28.375,31.5,25.6,96.16666666666667,100,79.625,1006.1374999999999,10.0375,18.9,0.0,cloudy
2022-08-24,28.479166666666668,32.1,25.2,95.41666666666667,100,79.58333333333333,1004.2208333333333,7.520833333333333,15.7,1.3,rain
2022-08-25,28.84583333333333,33.2,26.5,100.0,100,76.25,1002.5166666666668,8.6875,14.8,2.3,rain
2022-08-26,29.066666666666666,32.8,26.3,92.54166666666667,100,77.20833333333333,1006.0875,10.341666666666667,18.1,0.0,cloudy
2022-08-27,29.058333333333334,31.6,26.1,89.125,100,81.04166666666667,1008.5458333333332,6.829166666666667,15.6,1.0,rain
2022-08-28,29.0625,31.5,26.2,53.125,100,79.41666666666667,1008.0875,9.854166666666666,16.6,0.6,rain
2022-08-29,28.84166666666667,31.5,26.1,57.125,100,77.5,1009.1791666666667,11.441666666666668,19.9,0.8,rain
2022-08-30,28.75,30.8,26.9,89.66666666666667,100,79.70833333333333,1008.8874999999999,8.308333333333334,15.4,1.5,rain
2022-08-31,28.837500000000002,31.8,25.2,81.125,100,76.45833333333333,1007.0583333333334,7.529166666666666,17.9,0.30000000000000004,rain
2022-09-01,29.087500000000002,32.1,25.9,22.166666666666668,99,75.08333333333333,1007.6291666666666,7.766666666666667,15.8,0.5,rain
2022-09-02,28.995833333333334,32.3,26.0,72.41666666666667,100,76.25,1007.525,9.904166666666667,22.5,1.6,rain
2022-09-03,29.19583333333333,32.6,26.9,99.95833333333333,100,76.79166666666667,1005.9458333333333,8.445833333333333,22.7,2.1,rain
2022-09-04,29.27916666666667,33.0,25.8,70.70833333333333,100,74.875,1006.1,10.445833333333333,22.8,0.2,cloudy
2022-09-05,29.224999999999998,33.1,26.3,57.708333333333336,100,75.125,1006.9666666666667,11.741666666666667,27.5,0.5,rain
2022-09-06,28.3875,31.8,24.7,76.08333333333333,100,76.5,1007.625,10.762500000000001,21.6,6.2,rain
2022-09-07,25.854166666666668,26.9,24.4,100.0,100,87.58333333333333,1009.1541666666667,7.3625,14.8,18.5,rain
2022-09-08,27.204166666666666,29.7,24.7,99.83333333333333,100,84.25,1009.7958333333332,11.704166666666666,22.9,9.3,rain
2022-09-09,27.416666666666668,29.2,25.9,81.125,100,85.25,1010.8208333333333,10.316666666666666,16.3,10.6,rain
2022-09-10,27.150000000000002,29.4,25.0,80.16666666666667,100,84.70833333333333,1010.8874999999999,7.4375,17.8,3.8,rain
2022-09-11,27.34583333333333,29.9,24.5,49.083333333333336,99,82.33333333333333,1009.6333333333333,8.3375,17.5,5.0,rain
2022-09-12,27.2,29.4,24.0,35.916666666666664,83,82.29166666666667,1008.8625000000001,6.595833333333334,13.8,2.8000000000000003,rain
2022-09-13,27.954166666666666,30.2,25.0,39.083333333333336,100,81.04166666666667,1009.125,6.391666666666667,13.9,0.30000000000000004,rain
2022-09-14,27.90833333333333,31.1,25.4,72.58333333333333,100,82.95833333333333,1009.0166666666665,6.0249999999999995,11.6,4.1000000000000005,rain
2022-09-15,27.983333333333334,31.2,25.3,65.45833333333333,100,81.54166666666667,1007.3375,7.404166666666668,17.1,1.1,rain
2022-09-16,27.96666666666667,30.9,25.1,30.416666666666668,98,81.54166666666667,1005.4291666666667,7.158333333333334,19.8,0.9,rain
2022-09-17,27.95,32.3,24.7,21.916666666666668,69,79.95833333333333,1006.275,6.858333333333333,13.0,3.9,rain
2022-09-18,27.758333333333336,30.7,25.0,62.791666666666664,100,81.66666666666667,1007.2291666666666,7.095833333333334,14.8,4.1,rain
2022-09-19,27.770833333333332,31.0,24.8,96.45833333333333,100,81.33333333333333,1006.8833333333333,8.620833333333334,22.6,2.5,rain
2022-09-20,27.833333333333332,31.4,24.4,98.54166666666667,100,79.33333333333333,1006.3791666666666,7.4125000000000005,17.2,1.2,rain
2022-09-21,26.1375,27.4,24.9,97.25,100,86.45833333333333,1007.4499999999999,5.179166666666666,10.7,17.0,rain
2022-09-22,26.308333333333334,27.9,24.8,99.45833333333333,100,86.25,1007.7624999999999,6.241666666666667,13.5,6.2,rain
2022-09-23,26.5,27.9,25.1,99.41666666666667,100,86.20833333333333,1008.0416666666666,5.441666666666666,11.0,15.0,rain
2022-09-24,26.037499999999998,27.5,24.3,99.75,100,87.29166666666667,1007.8874999999999,5.483333333333333,9.7,23.1,rain
2022-09-25,26.266666666666666,28.0,24.7,96.41666666666667,100,85.45833333333333,1008.725,8.279166666666667,16.8,13.700000000000001,rain
2022-09-26,25.895833333333332,27.5,23.9,93.875,100,87.20833333333333,1008.1041666666666,9.466666666666667,19.3,7.1,rain
2022-09-27,25.6875,26.4,25.1,100.0,100,87.58333333333333,1001.5916666666667,25.125,55.3,98.9,rain
2022-09-28,27.474999999999998,30.1,25.3,97.125,100,81.0,993.9166666666666,30.55,57.0,38.4,rain
2022-09-29,26.5125,28.7,25.2,98.08333333333333,100,82.91666666666667,1003.225,7.7250000000000005,13.1,36.9,rain
2022-09-30,27.041666666666668,30.7,24.2,95.83333333333333,100,86.375,1006.9375,6.0125,13.9,8.5,rain
2022-10-01,26.766666666666666,29.5,24.6,99.95833333333333,100,88.0,1008.7291666666666,7.816666666666666,17.4,6.1000000000000005,rain
2022-10-02,26.97083333333333,29.4,25.0,91.5,100,85.25,1009.6041666666666,11.1625,20.2,2.2,rain
2022-10-03,26.150000000000002,28.3,23.8,61.083333333333336,93,86.08333333333333,1010.8083333333334,6.458333333333333,12.7,3.9,rain
2022-10-04,25.941666666666666,27.7,23.8,76.04166666666667,100,86.08333333333333,1012.15,7.8,15.7,10.3,rain
2022-10-05,25.7,28.1,24.2,99.0,100,87.83333333333333,1012.2416666666667,6.683333333333334,16.9,18.9,rain
2022-10-06,26.291666666666668,28.2,24.4,66.5,100,86.16666666666667,1011.9333333333334,8.729166666666666,18.4,5.9,rain
2022-10-07,26.65416666666667,28.4,24.2,69.375,100,84.91666666666667,1011.8791666666666,10.329166666666667,20.3,2.5,rain
2022-10-08,25.991666666666664,27.6,24.5,99.79166666666667,100,86.5,1012.1625,9.1375,18.4,11.5,rain
2022-10-09,25.070833333333336,27.0,23.6,99.45833333333333,100,89.375,1013.3958333333334,10.825000000000001,19.7,43.2,rain
2022-10-10,25.179166666666664,25.9,24.1,100.0,100,86.5,1014.9083333333333,21.945833333333336,29.3,48.8,rain
2022-10-11,25.849999999999998,27.7,24.0,77.70833333333333,100,76.58333333333333,1013.9166666666666,21.2375,28.7,5.300000000000001,rain
2022-10-12,24.808333333333334,26.6,23.5,70.25,100,82.875,1013.2791666666667,13.987499999999999,23.2,5.8,rain
2022-10-13,25.212500000000002,26.7,23.5,95.70833333333333,100,75.04166666666667,1011.3083333333334,17.8625,27.7,1.8,rain
2022-10-14,24.433333333333334,26.4,23.4,100.0,100,86.20833333333333,1006.0625,33.96666666666667,59.2,179.0,rain
2022-10-15,26.208333333333332,28.0,24.9,99.875,100,85.875,1006.0291666666667,16.754166666666666,46.9,29.4,rain
2022-10-16,26.020833333333332,27.8,24.7,99.95833333333333,100,79.33333333333333,1010.6666666666666,17.491666666666667,22.9,14.200000000000001,rain
2022-10-17,25.537499999999998,28.6,22.4,100.0,100,71.70833333333333,1011.3041666666667,19.433333333333334,32.4,0.0,cloudy
2022-10-18,26.104166666666668,28.3,24.3,100.0,100,66.95833333333333,1010.6750000000001,25.620833333333334,35.7,0.1,cloudy
2022-10-19,24.15833333333333,25.9,23.0,99.33333333333333,100,78.91666666666667,1010.1125000000001,30.516666666666666,41.4,1.7000000000000002,rain
2022-10-20,24.375,27.3,22.1,83.08333333333333,100,77.58333333333333,1011.9250000000001,11.191666666666668,21.1,0.0,cloudy
2022-10-21,25.099999999999998,28.6,22.1,73.29166666666667,100,80.58333333333333,1013.4,13.049999999999999,24.7,0.1,cloudy
2022-10-22,24.77916666666667,25.8,24.1,99.95833333333333,100,90.45833333333333,1013.5958333333333,9.612499999999999,15.6,25.8,rain
2022-10-23,25.820833333333336,27.2,24.1,84.70833333333333,100,83.70833333333333,1013.6666666666666,11.237499999999999,21.5,1.2,rain
2022-10-24,26.079166666666666,29.2,23.0,70.125,100,81.875,1012.0500000000001,13.174999999999999,23.9,1.5,rain
2022-10-25,24.974999999999998,25.6,24.3,99.79166666666667,100,89.58333333333333,1012.6833333333334,9.9375,15.5,65.10000000000001,rain
2022-10-26,26.3625,28.1,24.8,93.33333333333333,100,80.95833333333333,1012.625,18.883333333333333,23.7,6.800000000000001,rain
2022-10-27,25.895833333333332,27.3,24.7,86.5,100,81.625,1012.7458333333334,12.0,16.2,3.9000000000000004,rain
2022-10-28,25.883333333333336,27.6,24.5,100.0,100,78.66666666666667,1012.5708333333333,20.129166666666666,28.6,2.4,rain
2022-10-29,25.129166666666666,26.4,24.2,98.91666666666667,100,79.875,1011.9499999999999,21.633333333333336,28.1,5.7,rain
2022-10-30,25.483333333333334,27.3,23.7,96.5,100,75.41666666666667,1011.0458333333332,20.945833333333333,26.3,2.6,rain
2022-10-31,25.191666666666666,27.2,24.0,96.20833333333333,100,74.875,1010.7458333333334,28.175,39.1,0.9,rain
2022-11-01,24.508333333333336,26.7,22.4,90.70833333333333,100,72.58333333333333,1011.5166666666668,21.829166666666666,31.9,0.7000000000000001,rain
2022-11-02,23.733333333333334,27.1,20.6,91.04166666666667,100,71.625,1011.3041666666667,13.391666666666666,23.0,0.0,cloudy
2022-11-03,22.733333333333334,25.8,18.3,40.625,100,79.79166666666667,1012.6625,9.258333333333333,21.5,0.0,cloudy
2022-11-04,23.53333333333333,26.6,19.4,9.166666666666666,36,83.75,1014.6583333333333,11.125,27.6,0.0,sunny
2022-11-05,23.833333333333332,26.2,21.1,46.666666666666664,100,86.41666666666667,1016.25,11.450000000000001,22.4,1.5,rain
2022-11-06,24.150000000000002,26.0,22.2,25.333333333333332,55,85.20833333333333,1015.8333333333334,12.529166666666667,22.9,0.7,rain
2022-11-07,24.145833333333332,26.1,21.7,14.916666666666666,43,83.45833333333333,1014.7791666666667,12.033333333333333,20.6,0.1,sunny
2022-11-08,24.75,27.5,21.9,51.458333333333336,100,81.70833333333333,1014.4833333333332,13.479166666666666,24.8,0.2,cloudy
2022-11-09,24.9875,26.5,23.6,72.45833333333333,100,86.75,1014.0583333333334,12.325000000000001,21.3,1.2,rain
2022-11-10,25.120833333333334,26.9,23.6,64.875,100,88.83333333333333,1014.0708333333333,8.2,15.6,2.7,rain
2022-11-11,25.2,26.7,23.1,63.625,100,87.33333333333333,1013.9,7.558333333333334,12.6,3.1,rain
2022-11-12,25.170833333333334,26.8,23.5,96.83333333333333,100,86.54166666666667,1012.8791666666666,8.316666666666666,14.3,7.4,rain
2022-11-13,25.675,26.9,24.5,80.29166666666667,100,87.29166666666667,1012.9541666666668,8.366666666666667,14.4,4.9,rain
2022-11-14,25.583333333333332,27.0,24.1,87.45833333333333,100,87.33333333333333,1013.3125,6.733333333333333,13.6,8.8,rain
2022-11-15,25.445833333333336,26.9,23.8,64.08333333333333,100,87.91666666666667,1012.6666666666666,6.1125,13.1,3.1,rain
2022-11-16,25.608333333333334,27.4,23.9,43.041666666666664,100,87.75,1011.6125000000001,4.7,12.3,1.3,rain
2022-11-17,25.72083333333333,27.3,23.8,40.041666666666664,100,88.58333333333333,1011.1166666666667,5.079166666666667,10.8,1.4,rain
2022-11-18,25.941666666666666,27.5,24.5,89.5,100,86.79166666666667,1012.25,7.566666666666666,13.3,2.0,rain
2022-11-19,24.879166666666666,26.4,23.4,99.66666666666667,100,88.45833333333333,1011.7041666666668,11.0625,19.3,13.5,rain
2022-11-20,24.954166666666666,25.8,24.2,100.0,100,89.16666666666667,1009.9041666666667,12.283333333333333,19.5,27.1,rain
2022-11-21,24.96666666666667,25.3,24.4,100.0,100,90.95833333333333,1008.1958333333333,14.862499999999999,23.3,34.9,rain
2022-11-22,25.441666666666666,26.8,23.9,78.33333333333333,100,89.25,1008.4708333333333,5.9875,11.7,13.3,rain
2022-11-23,25.745833333333334,26.6,24.8,92.54166666666667,100,88.95833333333333,1010.0749999999999,8.529166666666667,14.0,5.2,rain
2022-11-24,26.154166666666665,27.5,24.7,84.58333333333333,100,88.5,1011.1875,12.370833333333332,18.2,2.8,rain
2022-11-25,26.008333333333336,27.8,24.5,61.333333333333336,100,89.83333333333333,1012.6541666666667,7.875,15.5,1.7,rain
2022-11-26,25.366666666666664,26.6,23.4,82.70833333333333,100,88.875,1012.0208333333334,7.979166666666667,15.2,3.3,rain
2022-11-27,25.9875,27.7,24.4,57.416666666666664,100,87.83333333333333,1010.2958333333332,10.504166666666666,17.6,1.5,rain
2022-11-28,26.354166666666668,28.6,24.0,45.375,100,90.95833333333333,1010.2791666666667,9.641666666666667,16.7,1.1,rain
2022-11-29,26.53333333333333,28.4,24.5,22.833333333333332,100,89.04166666666667,1011.1374999999999,12.058333333333332,20.1,0.0,cloudy
2022-11-30,25.395833333333332,28.3,22.1,41.333333333333336,100,89.75,1012.7416666666667,7.145833333333333,13.7,1.6,rain
2022-12-01,24.45,26.0,23.1,89.625,100,89.54166666666667,1013.9875000000001,9.7125,19.9,26.4,rain
2022-12-02,24.266666666666666,24.9,23.2,99.75,100,88.16666666666667,1013.4166666666666,29.8875,40.5,63.199999999999996,rain
2022-12-03,24.34583333333333,25.2,23.5,99.66666666666667,100,88.54166666666667,1012.9041666666667,24.462500000000002,31.8,45.2,rain
2022-12-04,24.525000000000002,25.4,23.6,96.625,100,88.125,1014.0208333333334,13.512500000000001,19.9,12.2,rain
2022-12-05,24.208333333333332,24.9,23.2,99.83333333333333,100,86.66666666666667,1014.9833333333332,26.8625,34.9,33.3,rain
2022-12-06,24.037499999999998,24.9,23.2,94.08333333333333,100,79.875,1015.0083333333333,22.416666666666668,25.6,4.2,rain
2022-12-07,23.95,24.5,23.4,76.5,100,84.25,1014.4541666666668,19.195833333333333,23.2,10.6,rain
2022-12-08,24.28333333333333,25.1,23.4,96.83333333333333,100,86.0,1014.1958333333333,19.933333333333334,26.2,10.2,rain
2022-12-09,23.804166666666664,24.5,23.0,99.95833333333333,100,85.79166666666667,1013.5375,13.299999999999999,19.8,11.9,rain
2022-12-10,22.958333333333332,23.9,21.5,85.79166666666667,100,85.75,1013.3166666666666,8.737499999999999,16.3,7.9,rain
2022-12-11,22.40833333333333,24.1,21.4,98.5,100,82.625,1014.4499999999999,11.683333333333332,18.8,9.9,rain
2022-12-12,21.854166666666668,23.3,20.7,80.54166666666667,100,79.625,1015.9291666666667,17.974999999999998,24.6,8.6,rain
2022-12-13,20.891666666666666,22.7,19.8,65.04166666666667,100,77.0,1016.8249999999999,16.849999999999998,21.7,13.9,rain
2022-12-14,21.025000000000002,23.2,19.3,89.25,100,76.75,1017.4083333333333,16.195833333333333,25.6,1.2,rain
2022-12-15,21.46666666666667,23.7,19.3,83.66666666666667,100,76.83333333333333,1014.9791666666666,12.779166666666667,21.8,0.0,cloudy
2022-12-16,22.375,24.1,20.3,92.125,100,82.70833333333333,1013.875,12.491666666666667,22.5,0.2,cloudy
2022-12-17,21.8125,23.0,20.1,99.95833333333333,100,83.75,1018.2208333333333,31.879166666666666,41.9,20.1,rain
2022-12-18,19.058333333333334,20.0,18.6,100.0,100,72.08333333333333,1021.2375000000001,27.358333333333334,41.3,5.7,rain
2022-12-19,19.691666666666666,20.7,19.0,98.33333333333333,100,74.29166666666667,1017.6416666666668,14.533333333333333,21.1,1.7000000000000002,rain
2022-12-20,20.929166666666667,23.0,19.0,96.79166666666667,100,81.91666666666667,1014.4250000000001,10.954166666666666,18.7,1.3,rain
2022-12-21,21.441666666666666,22.4,20.7,99.08333333333333,100,86.33333333333333,1014.2541666666666,15.466666666666667,29.3,16.8,rain
2022-12-22,21.037499999999998,22.6,19.8,88.125,100,76.66666666666667,1014.2083333333334,16.383333333333333,24.5,0.0,cloudy
2022-12-23,20.679166666666667,22.4,18.0,67.125,100,81.41666666666667,1015.5958333333333,10.945833333333333,18.8,0.7000000000000001,rain
2022-12-24,21.662499999999998,23.4,19.1,68.45833333333333,100,70.125,1017.1791666666667,15.595833333333333,26.0,0.8,rain
2022-12-25,22.008333333333336,24.0,19.5,47.25,100,68.58333333333333,1018.0,12.225,17.8,0.30000000000000004,rain
2022-12-26,20.604166666666668,23.1,17.8,70.66666666666667,100,84.54166666666667,1018.9125,10.295833333333333,19.3,3.5,rain
2022-12-27,21.929166666666664,24.1,20.0,85.66666666666667,100,77.875,1018.3416666666667,10.320833333333335,18.4,1.9000000000000001,rain
2022-12-28,20.983333333333334,22.3,19.1,97.33333333333333,100,86.83333333333333,1018.4,8.933333333333334,20.1,11.2,rain
2022-12-29,21.59583333333333,22.5,21.0,99.95833333333333,100,84.91666666666667,1019.5041666666666,23.325,31.9,15.0,rain
2022-12-30,21.195833333333333,22.0,20.3,70.41666666666667,100,79.0,1021.5583333333334,22.3,28.3,4.0,rain
2022-12-31,20.925,22.8,18.8,73.54166666666667,100,76.625,1021.0375,15.520833333333334,24.1,1.7000000000000002,rain
2023-01-01,20.383333333333333,21.4,19.4,100.0,100,81.625,1019.8666666666667,18.575,30.0,3.1,rain
2023-01-02,20.920833333333334,22.1,20.0,100.0,100,86.95833333333333,1019.5500000000001,18.220833333333335,22.2,13.6,rain
2023-01-03,21.241666666666667,21.8,20.7,100.0,100,87.125,1019.9916666666667,20.962500000000002,24.4,18.5,rain
2023-01-04,21.616666666666664,22.3,20.9,100.0,100,85.58333333333333,1018.9499999999999,21.6375,26.7,8.4,rain
2023-01-05,22.333333333333332,23.2,21.8,100.0,100,83.66666666666667,1019.1208333333334,23.712500000000002,26.6,2.5,rain
2023-01-06,21.641666666666666,22.4,20.6,98.95833333333333,100,79.20833333333333,1019.7208333333333,24.070833333333336,32.0,6.7,rain
2023-01-07,20.783333333333335,21.9,20.3,100.0,100,79.5,1017.9291666666667,16.7,23.3,4.2,rain
2023-01-08,20.879166666666666,21.8,20.1,100.0,100,85.125,1016.0749999999999,11.879166666666668,20.5,1.2,rain
2023-01-09,21.72083333333333,23.6,20.6,100.0,100,87.375,1016.0916666666667,9.9625,19.3,12.5,rain
2023-01-10,22.129166666666666,24.3,20.3,84.25,100,87.29166666666667,1015.2416666666667,8.279166666666667,17.7,2.3,rain
2023-01-11,21.825,24.7,18.9,60.041666666666664,100,88.75,1013.6125000000001,10.791666666666666,26.1,0.1,cloudy
2023-01-12,22.554166666666664,24.9,20.0,53.125,100,91.45833333333333,1012.2791666666667,6.8999999999999995,16.4,0.0,cloudy
2023-01-13,22.8625,24.6,21.1,42.0,99,93.16666666666667,1010.8333333333334,7.3875,12.9,0.0,cloudy
2023-01-14,22.412499999999998,26.7,18.8,22.166666666666668,99,93.25,1008.7125,6.670833333333333,10.2,0.0,cloudy
2023-01-15,22.78333333333333,26.2,19.1,49.041666666666664,100,92.33333333333333,1010.4625,8.0875,19.6,0.2,cloudy
2023-01-16,21.029166666666665,22.5,19.7,91.83333333333333,100,87.08333333333333,1016.5458333333332,19.908333333333335,27.5,23.5,rain
2023-01-17,20.483333333333334,21.9,19.5,100.0,100,84.58333333333333,1018.6666666666666,14.058333333333332,20.7,17.099999999999998,rain
2023-01-18,20.341666666666665,21.1,19.4,100.0,100,84.0,1020.5124999999999,20.1125,26.8,4.1,rain
2023-01-19,20.375,21.8,19.0,86.0,100,80.58333333333333,1019.5958333333333,11.841666666666667,20.5,1.2000000000000002,rain
2023-01-20,20.541666666666668,22.3,18.3,90.20833333333333,100,83.08333333333333,1018.6916666666666,14.366666666666667,22.7,1.5,rain
2023-01-21,20.841666666666665,22.1,19.6,98.25,100,86.16666666666667,1016.4208333333332,10.654166666666667,16.6,0.0,cloudy
2023-01-22,21.995833333333334,23.8,19.8,50.458333333333336,100,88.25,1014.0416666666666,5.579166666666667,14.3,0.2,cloudy
2023-01-23,22.2625,24.6,19.6,58.625,100,92.625,1013.4083333333333,6.9750000000000005,12.7,0.1,cloudy
2023-01-24,20.954166666666666,22.7,18.9,99.41666666666667,100,87.54166666666667,1018.6416666666668,26.162499999999998,38.8,26.1,rain
2023-01-25,19.875,20.9,18.6,93.875,100,76.08333333333333,1018.25,18.608333333333334,27.5,0.7000000000000001,rain
2023-01-26,20.474999999999998,21.9,18.5,88.58333333333333,100,85.66666666666667,1015.3125,4.258333333333334,9.7,0.7000000000000001,rain
2023-01-27,20.875,22.0,19.6,96.75,100,87.875,1017.4625,20.8,32.2,18.2,rain
2023-01-28,18.704166666666666,19.5,17.2,100.0,100,83.79166666666667,1019.5583333333334,24.337500000000002,28.8,15.5,rain
2023-01-29,18.833333333333332,20.1,17.1,91.79166666666667,100,73.5,1020.3291666666668,20.162499999999998,29.3,5.0,rain
2023-01-30,18.125,19.3,17.1,84.75,100,78.0,1019.8291666666668,8.883333333333335,17.3,0.0,cloudy
2023-01-31,18.958333333333332,21.4,15.0,74.08333333333333,100,84.0,1015.0916666666667,6.8374999999999995,12.8,0.0,cloudy
2023-02-01,20.8,23.3,17.1,38.875,100,89.54166666666667,1012.7375000000001,6.891666666666667,14.2,0.0,cloudy
2023-02-02,22.162499999999998,23.7,19.4,70.41666666666667,100,93.08333333333333,1013.8791666666666,5.745833333333334,9.9,3.5,rain
2023-02-03,22.9375,24.9,20.9,40.0,100,92.79166666666667,1014.15,7.6000000000000005,12.7,0.6000000000000001,rain
2023-02-04,22.729166666666668,25.2,20.4,43.0,100,93.20833333333333,1013.0208333333334,8.541666666666666,16.5,0.1,cloudy
2023-02-05,23.212500000000002,25.4,21.7,38.5,100,91.16666666666667,1012.1374999999999,10.512500000000001,20.1,0.4,rain
2023-02-06,22.991666666666664,25.2,20.4,81.625,100,92.41666666666667,1011.4375,10.641666666666667,18.2,0.0,cloudy
2023-02-07,23.616666666666664,25.7,21.9,75.25,100,91.75,1011.7791666666667,12.4625,19.5,0.1,cloudy
2023-02-08,23.995833333333334,26.0,22.7,48.791666666666664,90,91.0,1012.2458333333334,14.924999999999999,22.7,0.1,cloudy
2023-02-09,23.9875,25.8,22.6,39.0,100,90.70833333333333,1012.2375000000001,13.158333333333333,22.9,0.0,cloudy
2023-02-10,24.170833333333334,26.4,22.8,72.75,100,89.875,1012.225,11.841666666666667,21.9,0.30000000000000004,rain
2023-02-11,24.079166666666666,26.3,21.9,31.416666666666668,80,90.54166666666667,1011.25,14.470833333333333,23.4,0.0,cloudy
2023-02-12,24.170833333333334,26.6,22.2,55.875,100,92.58333333333333,1010.6374999999999,12.5875,21.5,0.0,cloudy
2023-02-13,24.445833333333336,27.0,22.6,69.25,100,94.91666666666667,1010.4958333333334,9.841666666666667,15.9,0.0,cloudy
2023-02-14,24.0625,25.6,22.7,81.33333333333333,100,92.875,1013.1458333333334,9.9375,15.6,4.6,rain
2023-02-15,22.77916666666667,23.5,21.5,99.66666666666667,100,87.08333333333333,1016.975,22.087500000000002,29.5,14.200000000000001,rain
2023-02-16,22.241666666666664,23.7,21.0,55.5,100,81.5,1019.1541666666667,22.729166666666668,27.7,7.0,rain
2023-02-17,22.045833333333334,23.6,20.5,74.125,100,80.375,1017.7125,11.895833333333334,17.8,6.7,rain
2023-02-18,22.3,23.7,20.7,70.58333333333333,100,87.20833333333333,1015.5749999999999,6.745833333333334,12.0,2.1,rain
2023-02-19,22.71666666666667,24.4,20.6,82.54166666666667,100,85.58333333333333,1016.0166666666668,12.35,19.9,3.0,rain
2023-02-20,22.65416666666667,24.8,20.5,88.5,100,78.83333333333333,1016.5291666666667,13.004166666666668,18.9,2.9,rain
2023-02-21,22.004166666666666,23.6,20.1,80.79166666666667,100,81.25,1018.0124999999999,12.200000000000001,22.1,5.2,rain
2023-02-22,21.808333333333334,22.9,19.4,87.16666666666667,100,82.29166666666667,1017.8291666666668,12.35,20.8,4.1,rain
2023-02-23,22.291666666666668,24.7,19.9,65.95833333333333,100,81.16666666666667,1015.9458333333333,8.608333333333333,15.8,3.7,rain
2023-02-24,20.8875,23.9,17.2,63.333333333333336,100,86.125,1017.2375000000001,9.679166666666667,19.1,0.9,rain
2023-02-25,21.666666666666668,22.9,19.8,80.29166666666667,100,79.16666666666667,1021.9,18.904166666666665,25.8,8.4,rain
2023-02-26,20.870833333333334,22.2,19.3,66.70833333333333,100,80.29166666666667,1023.9583333333334,23.5,30.4,11.0,rain
2023-02-27,20.454166666666666,21.4,19.7,96.375,100,84.66666666666667,1022.6791666666667,15.641666666666666,20.6,19.8,rain
2023-02-28,21.6125,23.0,20.7,97.41666666666667,100,86.20833333333333,1020.2708333333334,16.3125,22.4,19.6,rain
2023-03-01,22.099999999999998,24.0,20.1,65.58333333333333,100,85.54166666666667,1019.6583333333333,11.383333333333333,19.9,7.2,rain
2023-03-02,21.691666666666666,23.8,19.8,62.583333333333336,100,82.04166666666667,1021.1166666666667,11.233333333333334,16.6,1.7,rain
2023-03-03,21.287499999999998,24.2,17.9,47.0,100,86.29166666666667,1021.3916666666668,7.954166666666667,14.0,1.4000000000000001,rain
2023-03-04,22.016666666666666,24.0,20.4,40.416666666666664,100,82.58333333333333,1021.8708333333334,12.629166666666668,20.9,3.2,rain
2023-03-05,21.683333333333334,23.9,18.5,30.291666666666668,69,81.16666666666667,1020.8125,11.3375,20.0,4.6000000000000005,rain
2023-03-06,21.175,23.9,18.0,35.541666666666664,100,85.70833333333333,1019.0541666666667,7.483333333333333,13.3,0.30000000000000004,rain
2023-03-07,21.84583333333333,24.8,19.4,52.791666666666664,100,83.875,1018.0541666666667,8.637500000000001,17.9,2.4,rain
2023-03-08,21.433333333333334,24.4,16.9,12.916666666666666,83,85.375,1017.4375,7.541666666666667,14.4,0.0,cloudy
2023-03-09,22.058333333333334,24.2,18.4,38.291666666666664,100,85.95833333333333,1017.4708333333333,7.2,12.4,0.4,rain
2023-03-10,21.691666666666666,24.6,17.9,29.375,100,85.25,1015.65,8.070833333333333,15.8,0.0,cloudy
2023-03-11,22.508333333333336,25.2,18.9,41.625,100,84.16666666666667,1015.3958333333334,7.904166666666666,13.3,0.0,cloudy
2023-03-12,22.854166666666668,24.7,20.5,63.416666666666664,100,87.25,1016.75,7.870833333333334,14.1,0.7000000000000001,rain
2023-03-13,22.829166666666666,24.4,21.5,86.29166666666667,100,81.91666666666667,1017.6416666666668,12.575000000000001,21.7,3.4,rain
2023-03-14,21.925,23.4,20.7,68.0,100,86.75,1014.5666666666666,8.545833333333333,15.9,3.0,rain
2023-03-15,23.0625,25.3,20.3,90.04166666666667,100,85.08333333333333,1013.9583333333334,12.420833333333334,21.3,0.2,cloudy
2023-03-16,23.7,25.5,21.1,82.83333333333333,100,85.41666666666667,1015.3625000000001,11.445833333333333,17.7,1.4,rain
2023-03-17,23.704166666666666,26.0,21.1,75.75,100,86.0,1014.1958333333333,9.883333333333333,17.5,0.30000000000000004,rain
2023-03-18,23.9375,25.7,22.0,69.16666666666667,100,84.91666666666667,1013.1083333333332,11.104166666666666,18.4,1.5,rain
2023-03-19,24.541666666666668,26.5,22.7,82.66666666666667,100,83.08333333333333,1011.6625,13.216666666666667,22.2,0.0,cloudy
2023-03-20,24.95,27.9,22.5,62.166666666666664,100,86.70833333333333,1009.6625,13.383333333333333,22.9,0.0,cloudy
2023-03-21,25.6875,29.2,22.8,36.166666666666664,100,91.45833333333333,1007.7458333333334,10.854166666666666,19.4,0.0,cloudy
2023-03-22,26.1375,30.0,23.6,21.291666666666668,97,92.04166666666667,1006.2875,10.654166666666667,19.6,0.0,cloudy
2023-03-23,26.791666666666668,31.1,24.1,29.208333333333332,88,90.79166666666667,1006.1,11.533333333333333,23.4,0.0,cloudy
2023-03-24,26.287499999999998,28.7,24.3,49.791666666666664,100,92.20833333333333,1007.5749999999999,12.191666666666668,19.1,0.0,cloudy
2023-03-25,26.175,28.7,24.3,69.5,100,88.25,1008.5958333333333,14.620833333333332,23.5,0.0,cloudy
2023-03-26,25.675,28.2,23.6,48.416666666666664,100,89.375,1009.1916666666666,12.108333333333334,26.6,0.0,cloudy
2023-03-27,26.2625,29.0,24.7,69.58333333333333,100,86.08333333333333,1010.9958333333334,12.9,20.2,1.7999999999999998,rain
2023-03-28,25.462500000000002,26.8,24.0,77.83333333333333,100,88.08333333333333,1012.9958333333334,7.195833333333333,12.9,2.4,rain
2023-03-29,25.375,26.7,24.3,66.41666666666667,100,87.04166666666667,1012.4375,6.108333333333333,15.6,3.1,rain
2023-03-30,25.34583333333333,26.8,24.1,84.125,100,88.625,1010.7583333333333,6.554166666666667,13.4,1.1,rain
2023-03-31,26.162499999999998,27.9,24.9,71.20833333333333,100,85.45833333333333,1010.3333333333334,12.370833333333332,21.4,0.6000000000000001,rain
2023-04-01,26.27916666666667,28.4,24.4,83.375,100,87.66666666666667,1009.4083333333333,14.225,22.0,0.1,cloudy
2023-04-02,26.295833333333334,28.9,24.2,70.95833333333333,100,86.25,1008.3916666666668,14.454166666666666,23.2,0.0,cloudy
2023-04-03,26.758333333333336,29.6,24.2,44.375,100,87.45833333333333,1007.5833333333334,14.108333333333334,22.9,0.0,cloudy
2023-04-04,27.2375,30.8,24.5,36.916666666666664,100,87.0,1006.4125,14.4125,24.9,0.0,cloudy
2023-04-05,28.054166666666664,32.0,25.0,14.583333333333334,72,86.04166666666667,1006.6125000000001,12.775,21.8,0.0,cloudy
2023-04-06,27.820833333333336,31.5,25.6,8.333333333333334,67,87.5,1008.0500000000001,11.804166666666667,21.4,0.2,cloudy
2023-04-07,26.90416666666667,29.0,25.3,32.541666666666664,100,87.58333333333333,1011.6791666666667,11.108333333333334,17.0,0.9,rain
2023-04-08,26.541666666666668,28.6,25.1,31.791666666666668,85,83.04166666666667,1014.9958333333334,12.920833333333334,16.2,4.3,rain
2023-04-09,25.45,27.4,23.3,45.666666666666664,99,85.29166666666667,1014.6750000000001,9.170833333333333,18.5,1.8,rain
2023-04-10,26.1125,28.3,23.6,77.29166666666667,100,84.54166666666667,1011.7541666666666,14.120833333333332,24.7,0.0,cloudy
2023-04-11,26.95,29.5,25.0,63.333333333333336,100,83.25,1009.4833333333332,15.6875,25.2,0.0,cloudy
2023-04-12,26.3875,28.5,24.4,41.458333333333336,100,88.95833333333333,1009.2291666666666,11.875,19.6,2.0,rain
2023-04-13,27.041666666666668,29.1,25.5,61.416666666666664,100,87.25,1009.275,16.633333333333333,23.2,0.1,cloudy
2023-04-14,27.40416666666667,29.3,25.9,75.54166666666667,100,86.58333333333333,1008.2666666666668,16.283333333333335,23.2,0.1,cloudy
2023-04-15,27.1125,29.4,25.4,76.95833333333333,100,89.125,1008.7291666666666,11.054166666666667,20.4,2.5,rain
2023-04-16,26.316666666666666,28.0,24.2,99.16666666666667,100,87.83333333333333,1009.0333333333333,6.670833333333333,15.3,0.9,rain
2023-04-17,27.370833333333334,30.2,25.2,88.58333333333333,100,86.08333333333333,1008.7624999999999,13.354166666666666,24.2,0.1,cloudy
2023-04-18,28.183333333333334,31.7,25.4,21.291666666666668,98,85.20833333333333,1007.5083333333333,12.8375,22.3,0.0,cloudy
2023-04-19,29.629166666666666,36.5,26.0,4.458333333333333,23,79.58333333333333,1003.6750000000001,10.479166666666666,25.1,0.0,sunny
2023-04-20,30.008333333333336,36.8,26.2,26.541666666666668,100,78.25,1002.0541666666667,9.620833333333334,20.6,0.0,cloudy
2023-04-21,30.379166666666666,38.2,26.4,29.666666666666668,100,77.16666666666667,1003.3916666666668,10.779166666666667,21.7,4.8,rain
2023-04-22,28.4375,31.8,26.1,37.833333333333336,97,84.25,1005.4208333333332,12.558333333333332,21.7,0.0,cloudy
2023-04-23,28.416666666666668,31.5,26.5,63.25,100,84.25,1008.0,15.595833333333333,26.4,0.0,cloudy
2023-04-24,27.4375,29.4,26.2,53.833333333333336,100,87.75,1010.6458333333334,13.504166666666668,20.3,0.0,cloudy
2023-04-25,27.175,28.8,25.7,58.375,100,84.75,1010.725,12.025,17.0,1.9,rain
2023-04-26,26.1125,28.1,24.2,76.5,100,84.875,1011.7791666666667,8.9125,19.1,3.7,rain
2023-04-27,26.474999999999998,28.3,24.2,65.04166666666667,100,83.04166666666667,1011.6083333333332,8.754166666666666,15.3,0.8,rain
2023-04-28,27.162499999999998,29.4,25.1,49.625,100,84.0,1010.5041666666666,13.558333333333332,23.1,0.2,cloudy
2023-04-29,27.270833333333332,29.3,25.1,40.666666666666664,100,84.54166666666667,1009.6583333333333,12.366666666666667,23.4,0.1,cloudy
2023-04-30,26.537499999999998,28.7,24.4,69.20833333333333,100,81.66666666666667,1011.0,10.775,22.2,1.1,rain
2023-05-01,26.395833333333332,28.0,24.5,53.916666666666664,100,81.125,1011.5625,8.4,15.9,0.4,rain
2023-05-02,27.004166666666666,28.9,24.6,36.5,96,83.29166666666667,1011.475,10.9125,17.7,0.0,cloudy
2023-05-03,27.787499999999998,30.5,25.0,33.708333333333336,89,83.625,1010.65,13.887500000000001,22.3,0.1,cloudy
2023-05-04,28.53333333333333,31.4,25.5,59.0,99,81.125,1007.0083333333333,15.204166666666666,23.8,0.0,cloudy
2023-05-05,29.058333333333334,33.1,25.8,50.041666666666664,100,82.66666666666667,1003.4833333333332,13.316666666666668,25.6,0.0,cloudy
2023-05-06,30.087500000000002,33.3,27.0,59.833333333333336,100,82.125,1002.0375,13.762500000000001,23.3,0.0,cloudy
2023-05-07,30.52916666666667,34.1,27.8,28.083333333333332,100,82.54166666666667,1002.2541666666666,12.754166666666668,21.4,0.0,cloudy
2023-05-08,29.041666666666668,32.8,27.2,81.70833333333333,100,77.16666666666667,1006.1125000000001,13.641666666666666,30.7,0.0,cloudy
2023-05-09,27.575,28.7,26.3,90.58333333333333,100,84.20833333333333,1008.6416666666668,9.683333333333334,16.3,2.7,rain
2023-05-10,27.72083333333333,29.7,25.7,83.0,100,84.91666666666667,1009.1083333333332,6.895833333333333,14.3,19.2,rain
2023-05-11,27.325,29.2,25.6,95.375,100,87.0,1010.2958333333332,7.304166666666667,14.4,5.2,rain
2023-05-12,27.09583333333333,29.3,25.8,99.58333333333333,100,87.0,1010.6750000000001,7.391666666666667,12.5,12.1,rain
2023-05-13,26.837500000000002,28.8,25.6,98.83333333333333,100,83.25,1011.3333333333334,11.333333333333334,25.6,4.0,rain
2023-05-14,26.974999999999998,29.0,25.6,78.875,100,81.875,1010.8541666666666,11.829166666666666,27.3,0.8,rain
2023-05-15,27.120833333333334,30.3,24.9,96.375,100,86.08333333333333,1010.2875,7.7625,22.3,6.5,rain
2023-05-16,28.316666666666666,31.9,25.3,71.29166666666667,100,87.66666666666667,1008.2958333333332,10.216666666666667,18.4,0.2,cloudy
2023-05-17,29.858333333333334,35.7,25.7,64.45833333333333,100,79.75,1007.1291666666666,11.220833333333333,25.3,0.1,cloudy
2023-05-18,30.229166666666668,35.9,26.0,54.875,100,78.79166666666667,1006.3041666666667,8.941666666666666,19.1,0.0,cloudy
2023-05-19,30.46666666666667,36.2,26.6,56.083333333333336,100,79.875,1005.5749999999999,7.9750000000000005,15.3,0.0,cloudy
2023-05-20,30.425,34.6,27.2,66.54166666666667,100,82.16666666666667,1005.775,9.612499999999999,20.2,0.0,cloudy
2023-05-21,30.108333333333334,33.5,27.3,61.333333333333336,100,80.79166666666667,1006.9416666666666,11.604166666666666,20.2,0.0,cloudy
2023-05-22,31.070833333333336,35.1,27.8,73.5,100,69.125,1006.8958333333334,9.445833333333333,17.4,0.0,cloudy
2023-05-23,31.258333333333336,35.8,28.3,11.666666666666666,99,67.29166666666667,1006.5375,11.2875,21.4,0.0,cloudy
2023-05-24,29.804166666666664,34.3,27.1,41.625,100,74.70833333333333,1007.0124999999999,10.700000000000001,22.7,2.0,rain
2023-05-25,28.866666666666664,32.7,26.4,68.125,100,77.375,1008.0416666666666,7.6000000000000005,17.1,2.9,rain
2023-05-26,29.079166666666666,32.1,26.6,29.625,93,78.08333333333333,1008.3041666666667,9.195833333333333,18.8,2.2,rain
2023-05-27,28.883333333333336,31.8,25.6,8.958333333333334,39,77.125,1007.1208333333334,10.508333333333333,19.1,0.5,rain
2023-05-28,28.141666666666666,30.3,26.0,44.416666666666664,100,80.58333333333333,1007.0958333333333,9.966666666666667,16.6,5.1000000000000005,rain
2023-05-29,28.066666666666666,30.7,25.4,35.958333333333336,89,81.04166666666667,1007.4208333333332,9.445833333333333,18.6,1.9000000000000001,rain
2023-05-30,28.662499999999998,31.1,25.8,38.916666666666664,100,79.66666666666667,1006.3541666666666,6.729166666666667,18.3,0.0,cloudy
2023-05-31,29.829166666666666,32.6,26.0,37.333333333333336,100,75.0,1004.3833333333333,8.429166666666667,16.4,0.0,cloudy
2023-06-01,30.808333333333334,34.8,27.3,41.583333333333336,98,66.41666666666667,1003.125,11.4625,20.2,0.0,cloudy
2023-06-02,31.166666666666668,35.5,27.8,48.916666666666664,99,65.08333333333333,1004.2333333333332,10.291666666666666,24.5,0.0,cloudy
2023-06-03,31.150000000000002,35.7,27.6,28.291666666666668,99,67.08333333333333,1005.8416666666667,7.758333333333333,16.8,0.3,rain
2023-06-04,29.570833333333336,33.3,25.9,52.291666666666664,97,77.625,1005.9625,7.791666666666667,17.1,7.199999999999999,rain
2023-06-05,28.816666666666666,32.0,26.3,94.875,100,79.375,1004.9958333333334,7.05,20.8,2.5,rain
2023-06-06,27.8875,30.2,25.8,99.5,100,83.91666666666667,1005.0041666666666,5.895833333333333,11.0,15.200000000000001,rain
2023-06-07,27.633333333333336,30.8,25.9,99.95833333333333,100,84.45833333333333,1006.1958333333333,8.558333333333334,14.7,8.0,rain
2023-06-08,28.287499999999998,30.1,26.3,99.875,100,82.375,1005.6291666666666,6.1875,15.5,5.2,rain
2023-06-09,29.041666666666668,31.7,26.5,93.79166666666667,100,79.375,1003.9583333333334,7.3125,16.7,19.0,rain
2023-06-10,29.266666666666666,33.5,26.3,97.5,100,78.20833333333333,1002.4416666666666,7.391666666666667,19.6,1.5,rain
2023-06-11,29.795833333333334,34.0,26.9,96.75,100,77.875,1001.8958333333334,8.4625,17.7,2.9000000000000004,rain
2023-06-12,30.266666666666666,34.8,27.2,100.0,100,73.83333333333333,1002.9833333333332,9.791666666666666,21.5,0.1,cloudy
2023-06-13,30.895833333333332,35.8,28.6,97.33333333333333,100,70.83333333333333,1003.6833333333334,11.595833333333333,24.0,0.0,cloudy
2023-06-14,30.808333333333334,34.7,28.2,100.0,100,70.5,1005.35,9.075000000000001,15.1,0.0,cloudy
2023-06-15,30.954166666666666,33.7,28.3,99.91666666666667,100,68.75,1005.4166666666666,11.1875,17.2,0.0,cloudy
2023-06-16,30.65833333333333,35.7,27.8,97.95833333333333,100,70.95833333333333,1005.2583333333333,10.1625,21.7,2.2,rain
2023-06-17,29.3875,33.1,26.6,91.625,100,77.54166666666667,1006.3416666666667,9.766666666666667,18.9,1.2000000000000002,rain
2023-06-18,29.9875,34.4,27.0,95.16666666666667,100,74.08333333333333,1006.2291666666666,9.004166666666666,17.8,0.7,rain
2023-06-19,30.2625,33.9,26.9,64.91666666666667,100,73.875,1005.875,9.733333333333333,16.4,0.1,cloudy
2023-06-20,30.379166666666666,33.5,27.3,13.75,32,72.58333333333333,1005.7583333333333,9.241666666666667,15.9,0.0,sunny
2023-06-21,30.849999999999998,34.3,27.2,28.0,99,69.16666666666667,1006.3666666666667,7.8374999999999995,14.8,0.0,cloudy
2023-06-22,31.47083333333333,35.6,27.7,16.291666666666668,87,67.875,1006.1958333333333,9.345833333333333,17.8,0.0,cloudy
2023-06-23,31.270833333333332,35.2,27.7,64.66666666666667,100,66.83333333333333,1005.0708333333333,8.620833333333334,17.6,0.9,rain
2023-06-24,30.333333333333332,33.4,27.9,100.0,100,73.0,1004.7958333333332,8.554166666666667,19.1,1.4,rain
2023-06-25,29.8625,34.0,27.3,97.08333333333333,100,76.04166666666667,1005.6374999999999,7.9624999999999995,20.2,2.6,rain
2023-06-26,28.770833333333332,31.9,26.5,96.29166666666667,100,80.58333333333333,1006.275,8.729166666666666,21.2,1.8,rain
2023-06-27,28.71666666666667,31.7,26.1,86.45833333333333,100,82.29166666666667,1007.3916666666668,9.916666666666666,21.2,3.6,rain
2023-06-28,29.150000000000002,33.5,25.1,60.625,100,77.0,1008.1958333333333,9.316666666666666,17.7,1.5,rain
2023-06-29,29.641666666666666,34.1,26.0,37.958333333333336,100,74.08333333333333,1006.4791666666666,7.533333333333332,13.2,0.6,rain
2023-06-30,30.241666666666664,36.4,25.9,60.166666666666664,100,73.20833333333333,1004.9333333333334,7.3374999999999995,12.8,0.8,rain
2023-07-01,30.516666666666666,36.4,26.6,73.54166666666667,100,71.875,1005.2541666666666,7.6875,16.6,15.8,rain
2023-07-02,30.083333333333332,36.4,26.1,99.45833333333333,100,72.83333333333333,1006.4208333333332,7.916666666666667,16.0,4.3999999999999995,rain
2023-07-03,30.558333333333334,35.4,26.3,94.91666666666667,100,68.45833333333333,1007.0083333333333,7.5,18.7,0.2,cloudy
2023-07-04,29.925,34.6,26.6,67.20833333333333,100,72.08333333333333,1007.4083333333333,5.8875,13.8,1.4000000000000001,rain
2023-07-05,29.7625,34.2,25.9,30.25,100,73.125,1007.3291666666668,8.854166666666666,18.1,0.0,cloudy
2023-07-06,30.020833333333332,34.7,26.2,18.166666666666668,100,70.625,1007.6750000000001,10.754166666666668,20.8,0.0,cloudy
2023-07-07,30.208333333333332,33.9,26.9,34.416666666666664,100,73.58333333333333,1007.8916666666668,11.533333333333333,18.1,0.0,cloudy
2023-07-08,30.583333333333332,34.6,27.1,28.5,100,73.29166666666667,1008.1166666666667,9.725,16.1,0.7999999999999999,rain
2023-07-09,30.037499999999998,34.3,27.1,29.958333333333332,100,75.33333333333333,1008.3416666666667,8.008333333333333,16.6,0.7,rain
2023-07-10,29.704166666666666,33.9,26.0,20.708333333333332,91,73.41666666666667,1007.7624999999999,7.758333333333333,16.6,0.0,cloudy
2023-07-11,30.1875,34.7,26.1,47.708333333333336,100,73.79166666666667,1007.3541666666666,8.9625,17.3,0.0,cloudy
2023-07-12,30.787499999999998,35.2,26.9,49.125,100,70.20833333333333,1007.2333333333332,7.954166666666667,16.7,1.0,rain
2023-07-13,31.045833333333334,35.6,26.7,65.16666666666667,100,68.66666666666667,1005.7291666666666,8.520833333333334,17.7,0.0,cloudy
2023-07-14,30.900000000000002,35.8,25.8,73.75,100,69.58333333333333,1004.4250000000001,8.737499999999999,22.8,5.3999999999999995,rain
2023-07-15,30.150000000000002,34.7,25.8,79.83333333333333,100,72.25,1002.5791666666668,7.0,14.1,0.3,rain
2023-07-16,29.166666666666668,33.3,26.7,100.0,100,77.5,1000.2416666666667,4.658333333333333,15.5,7.1000000000000005,rain
2023-07-17,28.983333333333334,30.9,26.8,100.0,100,77.16666666666667,999.0416666666666,4.720833333333333,10.2,1.2000000000000002,rain
2023-07-18,30.804166666666664,35.9,27.1,99.91666666666667,100,67.83333333333333,1000.2375000000001,9.362499999999999,14.9,0.0,cloudy
2023-07-19,29.941666666666666,34.4,27.1,83.08333333333333,100,72.41666666666667,1002.9208333333332,6.8,19.7,10.8,rain
2023-07-20,29.266666666666666,32.8,26.5,36.0,96,77.875,1004.5625,6.8125,17.4,1.6,rain
2023-07-21,29.03333333333333,32.1,25.8,68.29166666666667,100,76.66666666666667,1007.2916666666666,9.983333333333333,19.2,3.4000000000000004,rain
2023-07-22,28.133333333333336,31.6,26.2,58.708333333333336,100,82.08333333333333,1009.3833333333333,8.183333333333334,15.9,8.8,rain
2023-07-23,28.479166666666668,31.7,25.6,55.0,98,79.70833333333333,1008.2833333333333,8.558333333333334,15.0,6.5,rain
2023-07-24,27.929166666666664,32.0,24.9,54.541666666666664,100,79.95833333333333,1006.5500000000001,7.179166666666667,15.0,5.6,rain
2023-07-25,28.379166666666666,32.2,24.8,42.833333333333336,91,78.29166666666667,1006.0833333333334,7.704166666666667,19.0,1.7,rain
2023-07-26,29.608333333333334,33.8,25.3,61.75,100,72.54166666666667,1004.7291666666666,9.166666666666666,19.3,0.8,rain
2023-07-27,30.474999999999998,36.9,25.1,99.29166666666667,100,70.54166666666667,1001.8458333333333,8.720833333333333,19.1,0.0,cloudy
2023-07-28,30.991666666666664,37.7,27.6,86.375,100,69.79166666666667,999.9041666666667,8.358333333333333,15.4,4.0,rain
2023-07-29,29.96666666666667,35.8,26.8,69.54166666666667,100,76.04166666666667,1001.4708333333333,6.854166666666667,13.4,6.699999999999999,rain
2023-07-30,29.587500000000002,34.2,27.3,90.91666666666667,100,76.375,1003.3458333333333,6.2749999999999995,10.4,7.499999999999999,rain
2023-07-31,29.958333333333332,34.1,27.1,99.70833333333333,100,75.08333333333333,1004.4125,5.9375,15.3,0.5,rain
2023-08-01,29.8875,34.0,27.4,100.0,100,72.66666666666667,1004.0875,6.0874999999999995,11.7,0.1,cloudy
2023-08-02,28.641666666666666,32.6,26.5,99.75,100,75.04166666666667,1003.8166666666666,6.629166666666666,17.5,5.9,rain
2023-08-03,29.633333333333336,32.6,26.7,99.95833333333333,100,67.04166666666667,1003.7833333333333,9.512500000000001,20.1,0.2,cloudy
2023-08-04,30.070833333333336,32.1,28.4,98.29166666666667,100,63.875,1005.8833333333333,11.470833333333333,17.8,0.6000000000000001,rain
2023-08-05,31.9875,37.4,27.5,88.5,100,55.458333333333336,1005.9291666666667,9.841666666666667,18.3,0.0,cloudy
2023-08-06,32.449999999999996,38.2,27.7,76.45833333333333,100,52.583333333333336,1003.6333333333333,14.262500000000001,22.2,0.0,cloudy
2023-08-07,32.5875,38.4,27.8,62.833333333333336,99,54.416666666666664,1002.7458333333334,9.266666666666667,18.7,0.0,cloudy
2023-08-08,31.875,38.7,27.1,34.833333333333336,92,58.583333333333336,1004.3000000000001,9.612499999999999,21.1,0.1,cloudy
2023-08-09,32.016666666666666,39.5,27.9,89.16666666666667,100,61.291666666666664,1005.8874999999999,10.379166666666666,20.8,0.0,cloudy
2023-08-10,32.262499999999996,38.8,28.0,68.125,100,60.125,1005.5083333333333,9.333333333333334,21.4,0.30000000000000004,rain
2023-08-11,31.97083333333333,38.1,27.5,78.41666666666667,100,62.75,1004.3166666666666,8.295833333333333,18.4,1.5,rain
2023-08-12,32.854166666666664,38.0,29.3,91.08333333333333,100,56.291666666666664,1003.5166666666668,11.424999999999999,20.6,0.30000000000000004,rain
2023-08-13,32.50833333333333,38.5,28.6,70.33333333333333,100,56.5,1003.725,8.495833333333334,16.8,2.7,rain
2023-08-14,31.629166666666666,37.8,28.3,71.83333333333333,100,63.041666666666664,1004.5541666666667,9.595833333333333,16.4,2.9,rain
2023-08-15,31.166666666666668,37.1,27.3,90.125,100,67.95833333333333,1005.7416666666667,7.383333333333333,15.8,1.4,rain
2023-08-16,30.933333333333334,35.3,27.1,88.0,100,68.875,1006.6958333333333,8.570833333333333,16.1,1.4000000000000001,rain
2023-08-17,30.5,35.6,26.7,40.958333333333336,100,70.0,1006.2083333333334,8.816666666666666,20.2,0.4,rain
2023-08-18,30.925,35.7,26.5,73.33333333333333,100,68.625,1004.6875,8.195833333333333,15.9,0.2,cloudy
2023-08-19,30.775000000000002,35.4,26.6,83.625,100,67.66666666666667,1005.0500000000001,8.954166666666667,16.9,0.6,rain
2023-08-20,29.95,34.6,26.5,99.33333333333333,100,71.16666666666667,1005.3125,9.733333333333333,21.6,0.9,rain
2023-08-21,29.400000000000002,34.8,26.2,95.29166666666667,100,74.58333333333333,1006.0583333333334,5.520833333333333,15.0,1.9000000000000001,rain
2023-08-22,29.02916666666667,32.6,26.1,98.58333333333333,100,78.5,1005.8958333333334,6.741666666666667,12.0,1.4000000000000001,rain
2023-08-23,29.662499999999998,35.0,26.3,96.41666666666667,100,74.58333333333333,1004.7958333333332,6.3999999999999995,12.9,2.1,rain
2023-08-24,29.75,34.7,26.7,94.83333333333333,100,74.41666666666667,1005.4041666666667,6.970833333333334,14.8,21.9,rain
2023-08-25,30.129166666666666,34.7,26.2,86.16666666666667,100,73.91666666666667,1005.65,6.133333333333333,11.8,0.9,rain
2023-08-26,30.933333333333334,36.3,27.1,95.66666666666667,100,71.79166666666667,1004.6541666666667,7.6499999999999995,16.0,2.3,rain
2023-08-27,31.229166666666668,37.5,27.3,95.70833333333333,100,70.0,1002.8375,8.320833333333333,14.2,0.0,cloudy
2023-08-28,31.15833333333333,37.2,26.4,94.45833333333333,100,66.95833333333333,1002.0749999999999,8.241666666666667,15.5,5.4,rain
2023-08-29,28.983333333333334,33.3,25.7,100.0,100,77.91666666666667,1003.4833333333332,8.291666666666666,20.4,12.2,rain
2023-08-30,28.349999999999998,32.5,25.9,94.95833333333333,100,78.875,1005.1999999999999,10.108333333333333,23.5,4.2,rain
2023-08-31,27.016666666666666,29.0,25.5,96.75,100,84.33333333333333,1005.5291666666667,6.433333333333334,12.3,10.8,rain
2023-09-01,28.920833333333334,32.5,26.1,73.91666666666667,100,73.04166666666667,1004.5458333333332,10.583333333333334,23.1,0.1,cloudy
2023-09-02,29.958333333333332,35.3,24.8,91.25,100,66.45833333333333,1002.8125,9.241666666666667,22.3,0.0,cloudy
2023-09-03,30.120833333333334,36.2,25.5,56.541666666666664,99,68.45833333333333,1002.4333333333334,8.225,20.5,9.4,rain
2023-09-04,29.0125,32.9,25.5,58.666666666666664,100,74.45833333333333,1003.6083333333332,8.716666666666667,21.0,2.4,rain
2023-09-05,28.254166666666666,32.1,25.4,94.83333333333333,100,80.45833333333333,1005.7125,6.55,14.4,2.8000000000000003,rain
2023-09-06,27.979166666666668,30.8,25.4,100.0,100,84.875,1006.8583333333332,4.891666666666667,9.4,1.6,rain
2023-09-07,28.458333333333332,31.8,25.3,88.91666666666667,100,82.70833333333333,1007.0166666666668,4.954166666666667,12.1,5.7,rain
2023-09-08,27.912499999999998,31.2,25.9,100.0,100,84.79166666666667,1006.9125,4.1499999999999995,12.6,5.1,rain
2023-09-09,28.15833333333333,32.3,25.3,88.70833333333333,100,85.70833333333333,1005.5208333333334,4.375,13.3,6.2,rain
2023-09-10,28.21666666666667,34.1,25.1,99.5,100,83.58333333333333,1005.2458333333334,5.220833333333333,16.7,10.399999999999999,rain
2023-09-11,29.166666666666668,33.2,25.3,99.875,100,79.04166666666667,1005.2041666666668,5.379166666666666,12.8,0.0,cloudy
2023-09-12,29.224999999999998,34.2,26.1,96.95833333333333,100,75.29166666666667,1005.4958333333334,7.733333333333333,18.0,0.8,rain
2023-09-13,28.875,33.9,26.0,98.625,100,75.91666666666667,1005.7166666666667,7.079166666666667,12.6,1.4000000000000001,rain
2023-09-14,27.483333333333334,30.5,25.5,100.0,100,84.70833333333333,1006.3125,5.145833333333333,13.0,9.4,rain
2023-09-15,26.958333333333332,29.7,25.0,100.0,100,86.54166666666667,1007.1041666666666,5.070833333333334,11.0,4.8,rain
2023-09-16,26.9375,30.1,24.4,98.79166666666667,100,86.75,1008.2916666666666,5.158333333333333,13.8,8.4,rain
2023-09-17,27.208333333333332,30.2,25.0,99.54166666666667,100,87.54166666666667,1008.2125,3.483333333333333,8.0,2.1,rain
2023-09-18,27.941666666666666,31.0,25.3,88.0,100,83.29166666666667,1009.4208333333332,5.625,13.6,1.4,rain
2023-09-19,28.28333333333333,31.9,24.7,56.875,98,81.29166666666667,1010.2916666666666,5.408333333333334,12.8,1.6,rain
2023-09-20,28.683333333333334,32.5,25.2,35.916666666666664,100,78.33333333333333,1009.4166666666666,6.716666666666666,15.6,0.8,rain
2023-09-21,28.695833333333336,31.6,25.7,47.541666666666664,98,80.08333333333333,1009.5916666666667,6.191666666666666,12.2,2.0,rain
2023-09-22,28.875,31.8,26.0,45.666666666666664,94,78.58333333333333,1009.2791666666667,6.170833333333333,14.5,0.9,rain
2023-09-23,28.65416666666667,32.3,25.6,65.33333333333333,100,76.625,1008.8291666666668,8.241666666666667,18.1,1.0,rain
2023-09-24,27.670833333333334,30.1,26.1,99.54166666666667,100,80.91666666666667,1007.0958333333333,9.745833333333334,15.6,8.7,rain
2023-09-25,25.825,26.5,24.8,100.0,100,91.54166666666667,1003.7333333333332,11.204166666666666,19.9,61.4,rain
2023-09-26,27.666666666666668,31.0,25.1,99.29166666666667,100,84.58333333333333,1003.2875,6.3999999999999995,13.3,11.7,rain
2023-09-27,27.729166666666668,31.8,24.8,99.70833333333333,100,85.25,1006.5583333333334,7.366666666666667,21.0,16.3,rain
2023-09-28,26.804166666666664,29.3,24.8,99.83333333333333,100,88.33333333333333,1009.5416666666666,4.175,8.9,17.2,rain
2023-09-29,27.629166666666666,29.8,25.1,97.75,100,83.08333333333333,1010.9416666666666,7.125,18.1,3.9000000000000004,rain
2023-09-30,27.458333333333332,30.2,25.1,61.666666666666664,100,84.625,1010.4250000000001,7.916666666666667,20.5,1.9000000000000001,rain
2023-10-01,27.525000000000002,30.5,24.7,45.5,100,84.91666666666667,1008.9833333333332,6.7625,17.0,2.2,rain
2023-10-02,27.958333333333332,30.4,25.4,80.58333333333333,100,81.83333333333333,1009.6374999999999,6.929166666666667,16.4,1.9000000000000001,rain
2023-10-03,27.15416666666667,29.0,25.5,82.20833333333333,100,87.16666666666667,1009.8583333333332,7.804166666666667,14.8,11.799999999999999,rain
2023-10-04,27.34166666666667,29.7,25.3,89.75,100,86.33333333333333,1009.6208333333334,7.395833333333333,14.4,6.3,rain
2023-10-05,27.829166666666666,31.2,25.0,46.791666666666664,98,84.79166666666667,1008.4875000000001,5.679166666666667,11.8,0.6000000000000001,rain
2023-10-06,27.741666666666664,31.3,24.8,66.20833333333333,100,85.0,1008.4083333333333,5.529166666666666,11.8,1.8,rain
2023-10-07,27.554166666666664,31.7,25.1,97.20833333333333,100,82.95833333333333,1009.225,5.816666666666666,13.4,11.6,rain
2023-10-08,27.65833333333333,30.5,25.3,97.75,100,81.29166666666667,1010.7125,8.554166666666667,16.0,2.5,rain
2023-10-09,25.945833333333336,27.2,24.2,97.41666666666667,100,88.125,1012.2666666666668,10.0875,18.0,39.3,rain
2023-10-10,25.945833333333336,28.2,24.9,94.54166666666667,100,88.33333333333333,1012.7208333333333,6.570833333333334,12.4,28.0,rain
2023-10-11,26.120833333333334,29.0,24.3,74.25,100,86.83333333333333,1013.3125,9.525,24.3,9.8,rain
2023-10-12,25.325,26.1,24.5,100.0,100,91.70833333333333,1013.9041666666667,9.5375,18.7,50.9,rain
2023-10-13,25.358333333333334,26.1,24.3,100.0,100,90.75,1012.2166666666667,17.0125,24.1,104.4,rain
2023-10-14,25.287499999999998,25.6,25.0,100.0,100,91.95833333333333,1010.5916666666667,11.316666666666668,17.6,129.9,rain
2023-10-15,25.1375,26.4,24.7,100.0,100,88.08333333333333,1009.7791666666667,18.645833333333332,31.0,75.5,rain
2023-10-16,25.395833333333332,26.8,24.5,100.0,100,88.33333333333333,1010.1166666666667,14.612499999999999,23.6,32.5,rain
2023-10-17,25.441666666666666,26.0,24.6,100.0,100,90.0,1008.8458333333333,21.724999999999998,26.9,46.1,rain
2023-10-18,25.508333333333336,27.1,24.1,99.95833333333333,100,90.91666666666667,1009.0458333333332,5.404166666666666,9.9,17.2,rain
2023-10-19,26.445833333333336,29.3,23.7,87.375,100,87.0,1011.1083333333332,4.55,9.8,3.8000000000000003,rain
2023-10-20,26.754166666666666,30.4,23.8,83.95833333333333,100,83.58333333333333,1012.4375,8.304166666666665,17.7,1.6,rain
2023-10-21,25.629166666666666,27.9,24.0,49.708333333333336,97,82.95833333333333,1014.5833333333334,16.570833333333333,26.3,9.7,rain
2023-10-22,25.65833333333333,28.6,23.1,68.625,100,82.83333333333333,1014.4166666666666,12.9,23.6,0.4,rain
2023-10-23,25.1375,26.4,24.2,100.0,100,89.875,1013.4375,14.0,24.2,35.4,rain
2023-10-24,25.679166666666664,27.3,23.8,93.20833333333333,100,89.375,1012.4875000000001,8.112499999999999,16.1,9.8,rain
2023-10-25,26.183333333333334,28.4,24.5,96.79166666666667,100,89.25,1012.4708333333333,5.804166666666667,15.5,7.8,rain
2023-10-26,26.420833333333334,28.6,24.2,77.16666666666667,100,88.625,1012.3125,5.245833333333334,10.4,1.5,rain
2023-10-27,26.458333333333332,29.1,23.9,63.083333333333336,98,88.625,1012.025,6.370833333333334,12.5,1.8000000000000003,rain
2023-10-28,26.412499999999998,29.3,23.4,75.95833333333333,100,87.0,1011.8249999999999,6.429166666666667,16.2,2.7,rain
2023-10-29,26.05,28.2,24.3,80.875,100,87.20833333333333,1012.5333333333333,6.083333333333333,15.6,18.9,rain
2023-10-30,25.037499999999998,26.1,24.0,99.375,100,90.33333333333333,1013.85,8.820833333333333,15.6,24.1,rain
2023-10-31,25.4375,27.2,24.0,95.54166666666667,100,85.875,1015.1958333333333,10.104166666666666,16.7,25.9,rain
2023-11-01,25.670833333333334,27.6,24.3,99.41666666666667,100,85.0,1014.7208333333333,12.554166666666667,17.4,28.0,rain
2023-11-02,25.55,27.3,24.2,93.75,100,89.0,1013.0500000000001,9.0,16.0,13.2,rain
2023-11-03,25.895833333333332,28.7,23.8,89.625,100,87.54166666666667,1011.1791666666667,6.254166666666666,13.8,5.1000000000000005,rain
2023-11-04,26.21666666666667,28.9,23.0,31.875,95,86.79166666666667,1011.4708333333333,5.158333333333333,11.6,2.5,rain
2023-11-05,26.7,29.2,24.6,67.16666666666667,100,86.20833333333333,1012.1374999999999,6.075,16.4,2.7,rain
2023-11-06,26.0625,28.8,23.8,59.0,100,89.04166666666667,1012.9791666666666,6.483333333333333,14.8,7.3,rain
2023-11-07,25.25,27.6,23.8,99.91666666666667,100,90.41666666666667,1013.1750000000001,7.258333333333333,13.8,10.9,rain
2023-11-08,25.8875,28.5,24.3,82.25,100,88.0,1012.0958333333333,8.166666666666666,20.2,10.6,rain
2023-11-09,26.558333333333334,28.9,24.2,72.08333333333333,100,86.25,1012.3874999999999,4.829166666666667,14.7,0.6000000000000001,rain
2023-11-10,26.333333333333332,29.0,23.7,50.791666666666664,100,89.70833333333333,1013.7291666666666,5.670833333333333,10.4,1.8,rain
2023-11-11,26.46666666666667,29.0,24.1,32.708333333333336,100,89.33333333333333,1014.3833333333333,5.341666666666666,11.4,1.8,rain
2023-11-12,25.75,28.0,24.1,55.541666666666664,100,89.08333333333333,1015.275,6.370833333333334,16.6,5.300000000000001,rain
2023-11-13,24.925,26.2,23.9,99.45833333333333,100,90.41666666666667,1016.3583333333332,10.3375,19.6,43.2,rain
2023-11-14,24.666666666666668,25.6,23.5,98.70833333333333,100,90.0,1017.1041666666666,15.320833333333333,21.7,63.7,rain
2023-11-15,25.004166666666666,26.3,24.2,92.41666666666667,100,89.54166666666667,1016.6875,10.070833333333335,17.3,22.6,rain
2023-11-16,25.304166666666664,27.8,23.7,85.33333333333333,100,85.54166666666667,1019.0,19.691666666666666,29.5,32.6,rain
2023-11-17,22.75,24.2,21.2,100.0,100,81.20833333333333,1021.2541666666666,20.7375,29.0,25.4,rain
2023-11-18,22.429166666666664,24.6,19.7,86.58333333333333,100,73.79166666666667,1019.875,10.887500000000001,20.5,0.4,rain
2023-11-19,22.920833333333334,24.1,21.2,90.375,100,74.875,1018.1,10.7875,18.3,4.6,rain
2023-11-20,23.670833333333334,26.0,21.4,91.0,100,80.125,1016.5708333333333,9.304166666666667,19.3,4.7,rain
2023-11-21,24.041666666666668,26.6,22.0,79.70833333333333,100,79.20833333333333,1014.8166666666666,6.279166666666666,13.7,0.5,rain
2023-11-22,23.416666666666668,25.7,20.8,97.79166666666667,100,89.375,1013.375,5.5249999999999995,11.6,4.7,rain
2023-11-23,24.579166666666666,27.5,22.1,57.875,100,83.5,1014.0708333333333,6.995833333333334,16.0,1.8,rain
2023-11-24,24.4875,26.6,22.2,78.41666666666667,100,74.41666666666667,1015.9791666666666,9.1,15.0,0.8,rain
2023-11-25,24.541666666666668,25.5,23.1,99.875,100,80.91666666666667,1015.4708333333333,11.570833333333333,19.3,34.4,rain
2023-11-26,25.3125,26.5,24.3,98.625,100,81.45833333333333,1016.1458333333334,17.724999999999998,24.7,9.6,rain
2023-11-27,24.4875,26.3,21.9,52.25,100,72.54166666666667,1016.7125,12.200000000000001,19.0,0.6,rain
2023-11-28,23.84583333333333,25.7,21.2,72.33333333333333,100,75.79166666666667,1015.8625000000001,9.2875,17.8,0.5,rain
2023-11-29,24.195833333333336,25.8,22.7,95.83333333333333,100,89.29166666666667,1014.875,9.975,16.9,8.4,rain
2023-11-30,24.65833333333333,26.9,23.1,91.41666666666667,100,89.66666666666667,1015.5416666666666,7.766666666666667,14.4,18.3,rain
2023-12-01,24.2625,25.6,23.1,97.125,100,90.91666666666667,1015.5041666666666,11.541666666666666,17.1,64.6,rain
2023-12-02,24.662499999999998,26.6,23.8,94.25,100,88.625,1015.8625000000001,15.354166666666666,27.1,20.4,rain
2023-12-03,24.6375,26.2,23.5,98.41666666666667,100,88.29166666666667,1015.9333333333334,13.354166666666666,18.4,21.1,rain
2023-12-04,24.9875,26.2,23.9,90.95833333333333,100,87.29166666666667,1014.6083333333332,12.716666666666667,19.2,5.5,rain
2023-12-05,24.787499999999998,26.6,22.7,83.83333333333333,100,87.5,1013.7624999999999,7.033333333333334,12.5,2.4,rain
2023-12-06,24.479166666666668,27.1,22.1,81.70833333333333,100,87.20833333333333,1015.1125000000001,5.704166666666667,16.1,0.9,rain
2023-12-07,23.258333333333336,24.0,22.3,100.0,100,91.0,1015.7958333333332,11.229166666666666,20.7,18.9,rain
2023-12-08,23.5,26.1,21.0,74.70833333333333,100,85.625,1014.5458333333332,5.0375000000000005,9.6,0.0,cloudy
2023-12-09,23.195833333333336,27.0,19.6,80.08333333333333,100,89.04166666666667,1012.5166666666668,7.741666666666667,15.5,0.1,cloudy
2023-12-10,23.3875,27.0,19.7,44.708333333333336,100,90.58333333333333,1011.4,7.433333333333334,14.7,0.0,cloudy
2023-12-11,24.2625,27.6,21.0,51.416666666666664,100,89.54166666666667,1012.7875,7.070833333333333,14.3,0.0,cloudy
2023-12-12,24.041666666666668,26.7,21.0,65.58333333333333,100,88.125,1014.1,6.554166666666667,15.0,1.3,rain
2023-12-13,24.420833333333334,26.8,21.6,51.708333333333336,93,86.04166666666667,1015.5916666666667,5.304166666666666,10.5,3.0,rain
2023-12-14,24.570833333333336,27.7,21.0,71.66666666666667,100,89.08333333333333,1015.4333333333334,5.275,10.8,0.4,rain
2023-12-15,25.0625,27.5,22.7,84.45833333333333,100,89.33333333333333,1014.0875,4.925,11.4,0.2,cloudy
2023-12-16,24.683333333333334,27.5,22.7,82.16666666666667,100,88.375,1015.2791666666667,7.916666666666667,15.9,4.4,rain
2023-12-17,23.708333333333332,25.2,23.0,98.45833333333333,100,88.20833333333333,1017.4625,16.233333333333334,19.3,23.0,rain
2023-12-18,24.099999999999998,25.9,22.6,79.125,100,87.75,1017.1708333333332,9.045833333333333,13.4,6.8,rain
2023-12-19,23.566666666666666,25.8,22.1,93.875,100,88.875,1017.2583333333333,8.445833333333333,16.4,4.4,rain
2023-12-20,22.974999999999998,24.4,21.4,90.25,100,84.16666666666667,1018.4166666666666,20.5125,27.0,31.200000000000003,rain
2023-12-21,20.845833333333335,21.8,19.7,100.0,100,85.58333333333333,1020.5958333333333,21.9875,26.3,18.2,rain
2023-12-22,19.333333333333332,20.4,18.4,100.0,100,85.16666666666667,1023.5083333333333,20.854166666666668,29.4,24.0,rain
2023-12-23,19.7375,20.6,18.6,100.0,100,85.29166666666667,1023.8458333333333,19.162499999999998,26.4,13.2,rain
2023-12-24,20.2625,20.8,19.5,99.95833333333333,100,82.04166666666667,1024.2916666666667,21.004166666666666,26.0,7.0,rain
2023-12-25,20.075,21.6,18.8,90.08333333333333,100,83.875,1022.5416666666666,10.3125,16.3,5.3,rain
2023-12-26,20.979166666666668,22.6,19.6,98.70833333333333,100,86.95833333333333,1021.0875,11.137500000000001,15.2,4.3,rain
2023-12-27,21.795833333333334,22.5,21.0,99.33333333333333,100,90.625,1020.1999999999999,14.754166666666668,19.3,29.1,rain
2023-12-28,22.433333333333334,24.3,21.2,96.04166666666667,100,89.45833333333333,1017.9541666666668,14.220833333333333,23.4,62.2,rain
2023-12-29,23.379166666666666,24.7,22.1,94.25,100,90.70833333333333,1016.5916666666667,7.441666666666666,13.8,13.3,rain
2023-12-30,23.991666666666664,25.5,23.0,83.83333333333333,100,88.375,1015.4333333333334,8.1875,13.9,2.4,rain
2023-12-31,23.604166666666668,25.3,22.2,95.16666666666667,100,89.375,1015.8916666666668,7.779166666666666,15.9,3.9,rain
2024-01-01,23.545833333333334,25.2,21.5,90.91666666666667,100,85.83333333333333,1015.7916666666666,7.3500000000000005,15.8,2.7,rain
2024-01-02,23.241666666666664,24.4,22.3,96.875,100,89.04166666666667,1015.2916666666666,4.45,9.5,3.4,rain
2024-01-03,23.02916666666667,24.8,21.4,72.70833333333333,100,85.75,1016.625,7.341666666666666,15.3,3.8000000000000003,rain
2024-01-04,22.566666666666666,24.9,20.5,52.958333333333336,100,83.29166666666667,1017.0291666666667,8.450000000000001,16.6,6.5,rain
2024-01-05,22.133333333333336,25.1,19.2,82.20833333333333,100,85.625,1016.9916666666667,6.729166666666667,12.6,2.7,rain
2024-01-06,22.78333333333333,24.8,20.6,92.41666666666667,100,86.04166666666667,1017.225,6.758333333333333,14.2,3.3000000000000003,rain
2024-01-07,22.945833333333336,24.4,20.9,84.91666666666667,100,84.375,1017.2833333333333,5.766666666666667,12.7,3.8,rain
2024-01-08,23.037499999999998,24.8,21.5,61.583333333333336,100,86.04166666666667,1016.0833333333334,5.133333333333334,10.0,2.5,rain
2024-01-09,22.429166666666664,25.2,18.6,61.708333333333336,100,87.45833333333333,1014.8166666666666,5.9125000000000005,11.9,0.0,cloudy
2024-01-10,23.59166666666667,25.7,21.2,53.791666666666664,100,84.25,1015.0416666666666,9.070833333333333,16.2,1.8,rain
2024-01-11,23.854166666666668,25.5,23.1,84.625,100,77.75,1015.7208333333333,15.579166666666666,18.3,1.0,rain
2024-01-12,23.162499999999998,25.5,20.9,49.041666666666664,98,81.25,1015.5041666666666,8.391666666666667,14.2,1.4000000000000001,rain
2024-01-13,22.40833333333333,24.7,19.9,62.291666666666664,100,83.20833333333333,1016.0875,8.129166666666666,21.2,4.0,rain
2024-01-14,22.433333333333334,25.2,20.1,76.08333333333333,100,84.41666666666667,1017.4416666666666,6.641666666666667,15.4,4.6,rain
2024-01-15,22.3,24.8,19.5,55.458333333333336,100,83.58333333333333,1017.6999999999999,7.758333333333334,16.7,4.0,rain
2024-01-16,22.349999999999998,25.3,20.2,54.916666666666664,100,84.75,1017.225,7.304166666666667,14.7,6.4,rain
2024-01-17,22.695833333333336,25.2,19.6,73.125,100,82.08333333333333,1016.2208333333333,6.966666666666666,13.1,1.5,rain
2024-01-18,22.766666666666666,25.2,20.3,64.125,100,85.83333333333333,1015.1583333333333,5.8500000000000005,11.9,2.5,rain
2024-01-19,22.21666666666667,25.2,19.1,46.5,95,86.66666666666667,1014.3541666666666,6.941666666666666,13.9,0.2,cloudy
2024-01-20,22.075,25.4,18.8,63.625,100,83.91666666666667,1014.7416666666667,6.879166666666666,14.1,0.0,cloudy
2024-01-21,21.78333333333333,25.3,17.5,47.708333333333336,100,84.375,1016.7875,7.695833333333333,13.6,0.0,cloudy
2024-01-22,22.558333333333334,25.6,19.2,66.83333333333333,100,83.91666666666667,1017.4333333333334,6.95,12.3,0.30000000000000004,rain
2024-01-23,20.658333333333335,21.3,19.7,100.0,100,87.04166666666667,1021.4583333333334,19.6375,25.5,14.0,rain
2024-01-24,19.795833333333334,20.4,19.2,100.0,100,89.58333333333333,1022.7624999999999,15.020833333333334,18.7,36.4,rain
2024-01-25,20.866666666666667,22.0,20.1,100.0,100,88.29166666666667,1023.1041666666666,14.862499999999999,23.0,23.099999999999998,rain
2024-01-26,21.195833333333333,23.8,19.3,94.66666666666667,100,86.83333333333333,1022.6958333333333,7.958333333333333,13.1,15.700000000000001,rain
2024-01-27,21.3,23.9,19.9,97.04166666666667,100,85.125,1021.4416666666666,5.858333333333333,12.3,4.5,rain
2024-01-28,21.304166666666667,23.2,19.7,97.625,100,87.45833333333333,1021.1666666666666,6.008333333333333,12.1,1.7000000000000002,rain
2024-01-29,21.3,23.7,20.0,91.625,100,87.54166666666667,1019.725,6.379166666666666,12.7,0.30000000000000004,rain
2024-01-30,21.525000000000002,24.6,18.3,99.04166666666667,100,88.41666666666667,1018.0375,6.0375000000000005,12.6,0.4,rain
2024-01-31,22.483333333333334,25.7,18.6,65.875,100,88.125,1016.5166666666668,9.020833333333334,16.9,0.0,cloudy
2024-02-01,23.3875,26.2,20.3,75.375,100,88.375,1015.875,10.054166666666667,19.5,0.0,cloudy
2024-02-02,23.254166666666666,26.0,20.6,52.708333333333336,100,90.375,1014.9708333333333,9.875,17.9,0.2,cloudy
2024-02-03,23.733333333333334,26.5,21.0,39.25,100,88.54166666666667,1015.0333333333333,11.208333333333334,19.2,0.0,cloudy
2024-02-04,23.870833333333334,26.6,21.2,45.291666666666664,100,90.41666666666667,1014.5833333333334,9.825000000000001,16.1,0.0,cloudy
2024-02-05,24.266666666666666,27.3,21.7,46.0,100,91.125,1014.7875,10.704166666666666,19.4,0.2,cloudy
2024-02-06,24.704166666666666,26.9,23.0,60.375,100,88.625,1015.3458333333333,12.15,18.3,0.1,cloudy
2024-02-07,24.879166666666666,27.2,23.2,62.208333333333336,98,88.70833333333333,1013.3958333333334,11.0625,17.8,0.2,cloudy
2024-02-08,24.34583333333333,27.0,22.5,85.91666666666667,100,90.58333333333333,1013.4375,9.262500000000001,14.9,2.5,rain
2024-02-09,22.583333333333332,24.8,21.1,96.16666666666667,100,81.91666666666667,1018.3208333333333,19.158333333333335,31.5,1.6,rain
2024-02-10,20.791666666666668,22.0,20.0,100.0,100,83.16666666666667,1022.8958333333334,19.245833333333334,27.2,2.3,rain
2024-02-11,20.974999999999998,22.2,19.2,97.20833333333333,100,82.0,1023.5708333333333,13.316666666666668,18.8,3.7,rain
2024-02-12,21.77916666666667,24.0,19.9,86.04166666666667,100,77.29166666666667,1021.7791666666667,8.595833333333333,13.5,0.2,cloudy
2024-02-13,21.995833333333334,24.3,19.0,70.83333333333333,100,83.41666666666667,1019.4375,8.225,13.1,1.6,rain
2024-02-14,22.849999999999998,24.8,20.2,62.75,100,86.41666666666667,1017.2083333333334,10.416666666666666,17.5,1.3,rain
2024-02-15,23.245833333333334,24.9,21.6,89.875,100,87.5,1017.225,8.141666666666667,13.0,2.0,rain
2024-02-16,22.525000000000002,25.0,19.3,60.083333333333336,100,86.66666666666667,1018.0166666666668,7.504166666666666,11.3,1.6,rain
2024-02-17,22.304166666666664,25.2,18.7,25.125,81,86.91666666666667,1014.5416666666666,9.591666666666667,17.1,0.0,cloudy
2024-02-18,23.375,26.6,20.2,57.333333333333336,97,88.16666666666667,1012.9,10.279166666666667,15.9,0.0,cloudy
2024-02-19,24.0625,27.4,21.1,84.75,100,91.125,1012.3416666666667,9.9,17.1,0.0,cloudy
2024-02-20,25.104166666666668,28.3,22.6,82.125,100,89.125,1011.4958333333334,11.954166666666666,17.4,0.2,cloudy
2024-02-21,25.141666666666666,28.5,22.7,48.875,100,90.16666666666667,1011.3333333333334,12.566666666666668,20.1,0.0,cloudy
2024-02-22,25.28333333333333,28.5,23.1,50.208333333333336,100,89.29166666666667,1012.6458333333334,11.629166666666668,19.4,0.2,cloudy
2024-02-23,24.854166666666668,26.6,23.3,61.25,100,89.625,1014.7833333333333,14.237499999999999,22.9,0.5,rain
2024-02-24,24.170833333333334,26.4,22.5,29.291666666666668,74,85.08333333333333,1016.6583333333333,10.983333333333334,16.9,2.4,rain
2024-02-25,23.46666666666667,26.4,20.6,53.416666666666664,100,86.0,1017.0,7.120833333333334,15.8,2.9,rain
2024-02-26,23.65416666666667,26.1,21.5,68.91666666666667,100,83.91666666666667,1017.125,6.6875,14.3,1.3,rain
2024-02-27,23.72083333333333,25.3,22.4,90.66666666666667,100,87.16666666666667,1016.4458333333333,11.270833333333334,18.4,3.9,rain
2024-02-28,23.3875,26.7,20.8,47.0,100,85.91666666666667,1014.6833333333334,6.1875,14.2,2.0,rain
2024-02-29,23.633333333333336,26.5,19.8,51.208333333333336,100,87.95833333333333,1014.4416666666666,7.341666666666666,14.1,0.8999999999999999,rain
2024-03-01,23.15833333333333,25.4,21.6,75.0,100,87.54166666666667,1016.5083333333333,13.208333333333334,21.9,3.4,rain
2024-03-02,21.412499999999998,22.2,20.9,99.91666666666667,100,85.875,1017.525,14.579166666666666,22.8,7.3,rain
2024-03-03,22.625,25.4,20.7,68.75,100,85.54166666666667,1014.6416666666668,6.3625,12.0,0.1,cloudy
2024-03-04,24.233333333333334,28.0,20.6,29.458333333333332,100,88.16666666666667,1010.25,10.858333333333334,19.7,0.0,cloudy
2024-03-05,25.816666666666666,31.9,22.2,44.416666666666664,100,87.79166666666667,1007.6041666666666,8.208333333333334,16.2,0.0,cloudy
2024-03-06,26.954166666666666,33.5,23.2,44.541666666666664,100,85.66666666666667,1007.0916666666667,7.479166666666667,14.7,0.0,cloudy
2024-03-07,24.925,27.1,23.1,42.541666666666664,97,84.375,1011.4125,16.241666666666667,20.1,0.1,cloudy
2024-03-08,24.5125,26.5,22.2,55.125,100,86.33333333333333,1013.8458333333333,8.35,16.1,3.6,rain
2024-03-09,24.629166666666666,27.2,22.4,91.875,100,86.66666666666667,1013.9541666666668,6.195833333333333,13.4,1.7000000000000002,rain
2024-03-10,24.816666666666666,27.3,22.7,75.54166666666667,100,87.5,1015.5791666666668,6.8875,14.9,5.2,rain
2024-03-11,24.204166666666666,27.3,22.0,55.041666666666664,100,84.91666666666667,1016.6708333333332,13.4125,26.1,0.5,rain
2024-03-12,23.266666666666666,26.6,20.7,48.5,100,82.79166666666667,1015.9875000000001,8.125,19.6,0.0,cloudy
2024-03-13,24.558333333333334,27.1,21.5,51.833333333333336,100,86.0,1014.0291666666667,10.737499999999999,20.6,0.2,cloudy
2024-03-14,25.429166666666664,27.9,23.8,49.083333333333336,100,84.83333333333333,1012.7791666666667,14.479166666666666,21.2,0.1,cloudy
2024-03-15,25.287499999999998,27.6,24.2,60.083333333333336,100,84.91666666666667,1013.0291666666667,13.154166666666667,22.1,1.0,rain
2024-03-16,25.320833333333336,28.6,22.9,52.166666666666664,100,85.625,1013.725,11.470833333333333,21.5,0.0,cloudy
2024-03-17,25.0625,28.3,22.5,37.916666666666664,100,88.29166666666667,1013.3874999999999,10.495833333333332,21.2,0.0,cloudy
2024-03-18,25.704166666666666,28.5,23.3,53.75,100,86.79166666666667,1012.475,12.154166666666667,20.4,0.0,cloudy
2024-03-19,25.65833333333333,28.5,23.7,58.166666666666664,100,83.875,1014.9499999999999,12.095833333333333,19.4,2.1,rain
2024-03-20,24.05,25.2,23.3,83.58333333333333,100,84.95833333333333,1018.0500000000001,15.154166666666667,24.2,7.3,rain
2024-03-21,24.295833333333334,26.1,22.6,60.458333333333336,100,82.5,1015.0541666666667,10.345833333333333,15.5,3.9,rain
2024-03-22,24.854166666666668,28.1,21.1,13.833333333333334,100,85.16666666666667,1010.2458333333334,11.5625,22.1,0.0,cloudy
2024-03-23,25.974999999999998,29.3,23.3,19.708333333333332,98,84.29166666666667,1009.4208333333332,14.137500000000001,22.2,0.0,cloudy
2024-03-24,26.120833333333334,29.4,23.3,21.375,84,86.5,1011.2624999999999,11.941666666666668,20.8,0.0,cloudy
2024-03-25,26.2375,29.1,24.0,65.25,100,87.29166666666667,1011.875,13.125,20.9,0.0,cloudy
2024-03-26,26.295833333333334,29.0,24.5,56.125,100,84.04166666666667,1014.25,14.220833333333333,20.3,0.30000000000000004,rain
2024-03-27,26.270833333333332,29.2,24.0,28.041666666666668,99,84.25,1014.9,11.75,21.5,0.7000000000000001,rain
2024-03-28,26.55,30.2,23.4,74.5,100,85.375,1011.8083333333334,9.083333333333334,18.4,0.5,rain
2024-03-29,26.59583333333333,29.4,24.3,95.66666666666667,100,87.125,1012.3083333333334,6.6125,12.9,0.30000000000000004,rain
2024-03-30,27.304166666666664,31.0,25.1,94.04166666666667,100,85.45833333333333,1012.3291666666668,11.1,19.8,0.4,rain
2024-03-31,28.108333333333334,32.5,24.7,41.166666666666664,98,83.41666666666667,1010.1541666666667,9.104166666666666,17.1,0.0,cloudy
2024-04-01,28.320833333333336,34.2,24.9,12.083333333333334,79,82.125,1007.6708333333332,10.504166666666666,18.6,0.0,cloudy
2024-04-02,28.46666666666667,33.9,24.9,18.125,100,81.66666666666667,1006.375,11.208333333333334,19.5,0.0,cloudy
2024-04-03,28.608333333333334,32.9,25.1,18.708333333333332,60,80.75,1006.9833333333332,10.695833333333333,19.7,0.0,sunny
2024-04-04,28.304166666666664,32.0,25.6,33.083333333333336,99,82.70833333333333,1007.1125000000001,12.445833333333333,18.2,0.0,cloudy
2024-04-05,27.712500000000002,31.0,25.4,23.0,100,81.79166666666667,1007.4250000000001,15.733333333333334,24.5,0.0,cloudy
2024-04-06,27.46666666666667,30.7,25.1,35.166666666666664,97,78.375,1008.2875,15.0625,24.4,0.1,cloudy
2024-04-07,27.520833333333332,31.0,24.8,37.916666666666664,98,82.66666666666667,1007.6166666666667,13.354166666666666,21.5,0.0,cloudy
2024-04-08,27.6875,31.3,25.1,72.45833333333333,100,83.5,1009.3833333333333,11.9375,20.3,0.0,cloudy
2024-04-09,27.483333333333334,30.0,25.6,55.833333333333336,100,81.54166666666667,1012.4666666666667,10.058333333333334,16.6,0.30000000000000004,rain
2024-04-10,27.379166666666666,30.8,25.0,65.41666666666667,100,80.875,1013.4291666666667,9.220833333333333,15.5,1.1,rain
2024-04-11,27.166666666666668,31.4,24.2,38.708333333333336,100,81.83333333333333,1012.9708333333333,9.0,19.9,0.30000000000000004,rain
2024-04-12,27.3875,31.1,24.3,52.75,100,82.20833333333333,1011.6625,11.262500000000001,21.5,0.1,cloudy
2024-04-13,27.554166666666664,30.8,24.7,27.75,80,82.625,1009.9041666666667,13.225,21.1,0.1,cloudy
2024-04-14,27.754166666666666,32.4,24.1,38.791666666666664,99,82.41666666666667,1009.5333333333333,12.454166666666666,21.4,0.0,cloudy
2024-04-15,27.891666666666666,32.4,24.4,46.041666666666664,100,82.375,1010.0166666666668,13.958333333333334,24.1,0.0,cloudy
2024-04-16,27.616666666666664,31.5,24.7,32.0,97,82.54166666666667,1009.25,13.4125,21.3,0.0,cloudy
2024-04-17,28.354166666666668,32.7,25.2,42.5,93,79.625,1007.5958333333333,12.345833333333333,21.9,0.0,cloudy
2024-04-18,28.3125,32.2,25.0,20.291666666666668,66,81.375,1006.5333333333333,10.75,19.2,0.0,cloudy
2024-04-19,28.65833333333333,32.1,25.5,16.458333333333332,72,80.5,1005.1208333333334,13.308333333333332,22.8,0.0,cloudy
2024-04-20,29.224999999999998,34.4,25.9,61.458333333333336,93,78.16666666666667,1004.7083333333334,13.075000000000001,21.8,0.0,cloudy
2024-04-21,29.708333333333332,35.6,25.9,59.541666666666664,99,76.25,1005.4875000000001,10.408333333333333,20.4,0.1,cloudy
2024-04-22,29.204166666666666,33.2,25.9,59.833333333333336,100,76.91666666666667,1005.6291666666666,11.575000000000001,20.9,0.0,cloudy
2024-04-23,29.6375,35.5,26.0,52.958333333333336,100,77.625,1005.35,10.241666666666667,19.6,0.0,cloudy
2024-04-24,28.833333333333332,32.2,26.3,58.958333333333336,98,82.66666666666667,1006.3208333333333,8.229166666666666,15.6,0.0,cloudy
2024-04-25,29.954166666666666,36.0,26.1,29.041666666666668,73,77.95833333333333,1005.3541666666666,10.075000000000001,19.5,0.0,cloudy
2024-04-26,31.3875,38.2,27.0,17.708333333333332,88,71.75,1003.8833333333333,8.679166666666665,21.9,0.0,cloudy
2024-04-27,32.199999999999996,38.9,28.7,8.75,40,62.666666666666664,1003.6208333333334,11.258333333333333,19.1,0.0,sunny
2024-04-28,30.95,36.6,26.9,5.833333333333333,36,73.95833333333333,1005.0,10.7875,19.6,0.0,sunny
2024-04-29,31.645833333333332,40.0,27.6,11.25,49,70.04166666666667,1005.3833333333333,11.3375,20.2,0.0,sunny
2024-04-30,32.045833333333334,39.2,27.6,39.666666666666664,100,67.70833333333333,1002.8625000000001,12.695833333333333,23.4,0.0,cloudy
2024-05-01,31.820833333333336,39.5,27.5,64.95833333333333,100,69.08333333333333,1003.2458333333334,10.941666666666668,20.2,0.0,cloudy
2024-05-02,29.333333333333332,33.4,26.9,66.29166666666667,100,79.83333333333333,1006.6625,12.308333333333332,26.4,0.0,cloudy
2024-05-03,28.741666666666664,31.9,26.8,66.625,100,81.0,1008.15,13.441666666666668,20.7,0.0,cloudy
2024-05-04,28.833333333333332,32.1,26.4,82.70833333333333,100,77.16666666666667,1006.4375,9.929166666666667,24.0,0.0,cloudy
2024-05-05,29.441666666666666,33.2,26.4,78.91666666666667,100,78.66666666666667,1006.7333333333332,9.758333333333333,19.3,0.0,cloudy
2024-05-06,28.808333333333334,31.8,26.3,71.0,100,82.75,1009.5833333333334,11.416666666666666,21.8,0.30000000000000004,rain
2024-05-07,28.6875,31.2,26.4,85.75,100,78.25,1011.5625,11.5875,20.6,0.0,cloudy
2024-05-08,28.270833333333332,31.4,24.6,66.29166666666667,100,79.58333333333333,1011.1999999999999,7.8625,16.6,0.0,cloudy
2024-05-09,28.4375,31.7,24.6,57.708333333333336,100,80.33333333333333,1010.9,8.604166666666666,16.4,0.8,rain
2024-05-10,28.829166666666666,32.1,25.5,62.0,100,79.45833333333333,1010.7416666666667,7.8625,15.9,1.3,rain
2024-05-11,29.40833333333333,32.7,26.1,73.95833333333333,100,77.79166666666667,1010.75,9.854166666666666,20.1,0.0,cloudy
2024-05-12,29.72083333333333,33.0,27.1,99.0,100,78.875,1009.8000000000001,11.012500000000001,20.3,0.6000000000000001,rain
2024-05-13,29.15833333333333,32.6,27.1,97.875,100,80.04166666666667,1009.65,7.445833333333333,14.2,5.1,rain
2024-05-14,27.766666666666666,30.3,25.0,98.625,100,84.16666666666667,1010.5208333333334,4.7749999999999995,9.1,12.2,rain
2024-05-15,28.670833333333334,31.7,26.4,81.125,100,81.70833333333333,1010.8041666666667,5.991666666666667,13.4,4.4,rain
2024-05-16,27.849999999999998,31.1,25.4,57.375,100,83.41666666666667,1010.9875000000001,7.308333333333334,16.8,8.0,rain
2024-05-17,28.066666666666666,30.8,25.2,88.5,100,81.125,1009.3666666666667,5.133333333333334,12.6,1.3,rain
2024-05-18,29.1375,31.7,26.1,96.45833333333333,100,77.95833333333333,1006.5083333333333,7.1000000000000005,14.3,0.2,cloudy
2024-05-19,30.454166666666666,35.8,26.4,96.125,100,73.54166666666667,1003.8125,7.979166666666667,15.6,1.0,rain
2024-05-20,29.433333333333334,34.2,26.8,99.95833333333333,100,79.54166666666667,1004.7708333333334,11.179166666666667,23.1,0.1,cloudy
2024-05-21,27.25,30.2,25.7,99.5,100,88.04166666666667,1007.475,5.779166666666666,12.6,17.8,rain
2024-05-22,27.558333333333334,30.2,24.8,99.20833333333333,100,83.58333333333333,1008.0375,4.408333333333333,11.6,10.0,rain
2024-05-23,27.375,30.0,25.1,96.375,100,86.33333333333333,1007.8291666666668,4.741666666666666,12.9,2.8,rain
2024-05-24,28.1125,31.0,25.0,86.83333333333333,100,85.20833333333333,1008.1541666666667,6.2875000000000005,11.2,1.1,rain
2024-05-25,29.083333333333332,32.3,25.7,74.0,100,82.33333333333333,1008.1208333333334,9.391666666666667,18.1,0.0,cloudy
2024-05-26,29.695833333333336,33.6,26.7,93.375,100,80.33333333333333,1007.2166666666667,7.2375,13.8,0.0,cloudy
2024-05-27,31.508333333333336,37.2,26.6,58.083333333333336,100,72.33333333333333,1004.2541666666666,6.991666666666667,14.5,0.0,cloudy
2024-05-28,31.633333333333336,35.9,28.1,99.875,100,66.91666666666667,1003.3208333333333,7.741666666666667,16.2,0.0,cloudy
2024-05-29,31.491666666666664,37.1,27.8,99.875,100,70.29166666666667,1002.6374999999999,5.220833333333333,9.9,1.1,rain
2024-05-30,31.208333333333332,34.9,28.9,100.0,100,70.04166666666667,1002.4208333333332,8.950000000000001,15.0,0.2,cloudy
2024-05-31,29.22083333333333,31.6,27.7,100.0,100,79.54166666666667,1005.025,6.4750000000000005,11.8,3.0,rain
2024-06-01,28.745833333333334,32.7,26.5,99.58333333333333,100,83.79166666666667,1008.4458333333333,4.670833333333333,15.5,8.4,rain
2024-06-02,29.395833333333332,33.6,25.9,81.41666666666667,100,82.58333333333333,1008.3958333333334,5.079166666666667,12.3,0.0,cloudy
2024-06-03,30.40416666666667,36.2,26.4,98.45833333333333,100,78.875,1006.1750000000001,6.333333333333333,18.7,4.2,rain
2024-06-04,31.21666666666667,36.8,27.0,95.5,100,70.54166666666667,1005.5583333333334,10.049999999999999,18.3,4.4,rain
2024-06-05,30.641666666666666,37.5,27.1,99.41666666666667,100,74.0,1006.8166666666666,7.125,14.7,7.5,rain
2024-06-06,30.545833333333334,34.8,26.5,100.0,100,75.45833333333333,1007.9250000000001,6.0,16.4,1.9,rain
2024-06-07,29.7625,36.1,26.7,97.75,100,79.58333333333333,1006.275,6.5625,14.3,14.200000000000001,rain
2024-06-08,29.40416666666667,34.7,26.4,99.375,100,79.25,1004.725,7.345833333333334,18.4,10.299999999999999,rain
2024-06-09,29.554166666666664,35.5,26.3,98.08333333333333,100,79.58333333333333,1004.8291666666668,5.283333333333333,12.2,20.1,rain
2024-06-10,29.15416666666667,34.5,25.6,97.375,100,79.66666666666667,1006.2666666666668,6.858333333333333,11.5,3.7,rain
2024-06-11,30.458333333333332,35.6,26.9,91.125,100,73.70833333333333,1006.9791666666666,7.958333333333333,18.4,0.6,rain
2024-06-12,31.104166666666668,36.9,27.1,95.79166666666667,100,73.29166666666667,1006.9791666666666,8.108333333333333,17.4,0.0,cloudy
2024-06-13,31.741666666666664,37.9,27.0,84.54166666666667,100,70.20833333333333,1004.9499999999999,8.0625,21.0,0.0,cloudy
2024-06-14,32.041666666666664,37.3,27.3,56.5,100,68.70833333333333,1003.2833333333333,8.841666666666667,20.7,0.0,cloudy
2024-06-15,32.19583333333333,37.5,28.1,91.41666666666667,100,67.625,1003.3208333333333,9.450000000000001,21.3,0.0,cloudy
2024-06-16,31.679166666666664,36.6,28.0,97.875,100,69.58333333333333,1004.6208333333334,7.883333333333333,18.6,0.30000000000000004,rain
2024-06-17,31.94583333333333,37.4,27.5,94.95833333333333,100,68.41666666666667,1004.7458333333334,9.775,21.7,0.0,cloudy
2024-06-18,31.954166666666666,36.9,28.2,97.91666666666667,100,65.625,1004.0916666666667,7.404166666666666,16.1,3.0999999999999996,rain
2024-06-19,31.704166666666666,37.9,26.8,73.125,100,66.83333333333333,1003.6541666666667,7.754166666666666,13.6,10.3,rain
2024-06-20,31.287499999999998,36.2,26.7,98.54166666666667,100,70.54166666666667,1003.3166666666666,8.783333333333333,17.6,0.5,rain
2024-06-21,31.083333333333332,34.7,27.7,55.25,100,69.16666666666667,1003.2291666666666,9.229166666666666,16.2,0.6000000000000001,rain
2024-06-22,30.066666666666666,35.1,27.2,84.29166666666667,100,73.29166666666667,1002.9833333333332,8.016666666666667,16.4,7.0,rain
2024-06-23,28.141666666666666,31.0,26.3,100.0,100,83.04166666666667,1003.5333333333333,5.779166666666666,14.0,25.6,rain
2024-06-24,29.308333333333334,33.8,26.3,99.95833333333333,100,77.45833333333333,1004.1,6.9375,16.3,1.0,rain
2024-06-25,29.916666666666668,34.5,26.6,96.125,100,72.375,1005.0291666666667,6.9125000000000005,13.1,4.3,rain
2024-06-26,28.608333333333334,31.3,26.2,94.66666666666667,100,82.08333333333333,1007.3125,9.645833333333334,18.1,3.9,rain
2024-06-27,28.708333333333332,31.8,26.4,88.16666666666667,100,81.33333333333333,1008.6625,10.504166666666666,19.9,5.9,rain
2024-06-28,29.208333333333332,33.0,25.8,40.041666666666664,100,80.91666666666667,1007.6708333333332,8.783333333333333,18.2,0.5,rain
2024-06-29,30.558333333333334,35.5,26.7,53.541666666666664,100,74.125,1006.7333333333332,8.924999999999999,17.7,0.2,cloudy
2024-06-30,31.46666666666667,37.6,27.0,88.75,100,67.08333333333333,1006.7291666666666,10.020833333333334,20.6,0.0,cloudy
2024-07-01,32.15,37.8,27.3,62.5,100,61.958333333333336,1005.1583333333333,10.508333333333335,19.6,0.1,cloudy
2024-07-02,31.183333333333334,35.9,27.1,92.41666666666667,100,68.66666666666667,1004.6875,9.458333333333334,18.7,0.0,cloudy
2024-07-03,29.825,33.2,27.7,99.95833333333333,100,76.79166666666667,1007.6291666666666,13.112499999999999,24.1,0.2,cloudy
2024-07-04,28.808333333333334,33.0,26.2,58.75,100,75.91666666666667,1008.975,8.183333333333334,16.4,1.6,rain
2024-07-05,29.179166666666664,33.2,25.9,33.083333333333336,100,75.54166666666667,1006.9458333333333,8.054166666666667,15.8,1.0,rain
2024-07-06,29.349999999999998,33.7,25.6,45.416666666666664,100,75.375,1006.2416666666667,10.254166666666666,18.2,1.2,rain
2024-07-07,29.3125,33.3,25.9,21.666666666666668,80,76.08333333333333,1006.9875000000001,12.791666666666666,23.1,3.0,rain
2024-07-08,28.583333333333332,33.1,25.2,54.75,100,77.20833333333333,1006.6166666666667,8.479166666666666,17.9,2.7,rain
2024-07-09,29.46666666666667,33.6,25.8,94.04166666666667,100,73.58333333333333,1006.85,8.195833333333333,14.2,0.4,rain
2024-07-10,30.5125,35.4,26.2,70.125,100,68.20833333333333,1006.975,7.9875,18.1,0.1,cloudy
2024-07-11,29.837500000000002,35.7,26.5,62.166666666666664,100,71.45833333333333,1005.6125000000001,7.741666666666667,15.6,6.1,rain
2024-07-12,30.166666666666668,34.2,26.1,65.29166666666667,100,73.54166666666667,1003.1458333333334,8.216666666666667,13.0,1.0,rain
2024-07-13,29.483333333333334,33.1,26.8,61.833333333333336,100,77.58333333333333,1002.5708333333333,7.4624999999999995,14.2,2.0,rain
2024-07-14,26.733333333333334,27.8,25.7,98.58333333333333,100,88.45833333333333,1003.3208333333333,10.620833333333334,17.2,25.8,rain
2024-07-15,27.741666666666664,30.8,25.4,86.45833333333333,100,84.45833333333333,1002.125,10.745833333333332,18.3,25.1,rain
2024-07-16,27.933333333333334,30.2,26.0,90.95833333333333,100,83.95833333333333,1003.5791666666668,6.654166666666666,14.2,5.5,rain
2024-07-17,27.3875,29.7,25.4,99.08333333333333,100,86.58333333333333,1003.8291666666668,4.358333333333333,9.5,4.8,rain
2024-07-18,27.070833333333336,30.5,25.4,99.66666666666667,100,87.29166666666667,1004.4583333333334,5.545833333333333,11.4,12.3,rain
2024-07-19,28.03333333333333,31.0,25.6,91.45833333333333,100,84.875,1004.2958333333332,5.2124999999999995,11.2,2.1,rain
2024-07-20,28.170833333333334,31.3,25.1,92.08333333333333,100,85.33333333333333,1005.0625,6.045833333333333,11.9,4.699999999999999,rain
2024-07-21,28.22083333333333,30.7,26.0,99.91666666666667,100,84.70833333333333,1003.5875,4.575,12.3,2.2,rain
2024-07-22,28.420833333333334,30.7,26.2,99.75,100,86.5,1003.1416666666668,3.9333333333333336,9.4,14.299999999999999,rain
2024-07-23,29.900000000000002,33.9,26.0,94.95833333333333,100,72.79166666666667,1001.4541666666668,8.4,14.7,0.2,cloudy
2024-07-24,30.491666666666664,34.8,27.2,93.29166666666667,100,67.08333333333333,999.2041666666668,9.85,20.4,0.1,cloudy
2024-07-25,30.650000000000002,34.8,28.1,91.33333333333333,100,66.08333333333333,997.8583333333332,9.987499999999999,19.9,0.0,cloudy
2024-07-26,30.954166666666666,35.3,27.5,91.625,100,64.16666666666667,999.0375,7.983333333333333,17.6,0.5,rain
2024-07-27,31.325,36.4,27.4,96.83333333333333,100,66.33333333333333,1002.1791666666667,6.858333333333333,16.2,0.30000000000000004,rain
2024-07-28,29.40833333333333,32.4,26.9,100.0,100,78.54166666666667,1003.2916666666666,9.258333333333333,22.0,0.6000000000000001,rain
2024-07-29,29.224999999999998,32.8,26.7,100.0,100,80.20833333333333,1003.7875,6.304166666666667,13.6,0.4,rain
2024-07-30,28.820833333333336,31.3,26.8,100.0,100,75.08333333333333,1005.2125,8.541666666666666,15.3,0.30000000000000004,rain
2024-07-31,29.629166666666666,34.9,25.2,100.0,100,73.625,1006.6958333333333,9.329166666666667,16.0,1.7000000000000002,rain
2024-08-01,29.974999999999998,35.3,25.7,86.375,100,73.45833333333333,1007.5,8.633333333333333,15.8,0.0,cloudy
2024-08-02,30.412499999999998,34.5,26.6,38.583333333333336,89,72.66666666666667,1007.2958333333332,6.645833333333333,13.7,0.1,cloudy
2024-08-03,30.287499999999998,34.4,26.6,31.333333333333332,86,75.0,1007.9083333333333,6.683333333333334,16.6,0.0,cloudy
2024-08-04,29.733333333333334,33.7,26.2,20.291666666666668,97,74.58333333333333,1008.1416666666668,7.566666666666666,16.9,0.2,cloudy
2024-08-05,30.166666666666668,34.8,25.9,46.791666666666664,99,70.83333333333333,1007.0583333333334,8.341666666666667,18.3,0.3,rain
2024-08-06,30.712500000000002,34.9,26.8,63.208333333333336,100,69.41666666666667,1006.4416666666666,7.654166666666666,17.4,0.0,cloudy
2024-08-07,30.775000000000002,35.4,26.8,16.75,83,69.83333333333333,1006.8166666666666,8.3375,15.8,0.2,cloudy
2024-08-08,31.441666666666666,35.9,27.6,10.291666666666666,68,67.75,1007.0708333333333,6.754166666666666,14.9,0.0,cloudy
2024-08-09,31.8125,37.5,27.6,53.5,100,65.08333333333333,1005.8249999999999,8.195833333333333,17.7,0.7,rain
2024-08-10,32.80833333333333,39.3,28.1,66.66666666666667,100,61.0,1003.9208333333332,8.991666666666667,18.8,1.7,rain
2024-08-11,32.012499999999996,38.1,28.2,84.625,100,64.79166666666667,1002.6541666666667,7.1625000000000005,23.5,1.5,rain
2024-08-12,30.84166666666667,36.2,27.2,88.16666666666667,100,71.66666666666667,1003.1291666666666,7.6875,12.7,4.2,rain
2024-08-13,30.858333333333334,35.8,27.0,86.79166666666667,100,70.875,1005.3583333333332,6.479166666666667,11.2,1.1,rain
2024-08-14,31.150000000000002,35.7,27.4,85.20833333333333,100,69.25,1005.9208333333332,7.333333333333333,13.3,0.30000000000000004,rain
2024-08-15,31.041666666666668,35.8,27.2,59.625,100,70.08333333333333,1005.1999999999999,6.866666666666667,13.2,0.1,cloudy
2024-08-16,30.9375,36.8,27.4,90.20833333333333,100,70.75,1004.8333333333334,6.820833333333333,13.5,0.8,rain
2024-08-17,30.67916666666667,36.1,26.6,96.45833333333333,100,72.33333333333333,1006.6041666666666,6.3875,12.4,1.3,rain
2024-08-18,31.066666666666666,36.3,27.2,89.125,100,72.5,1006.8166666666666,6.6499999999999995,17.3,1.5999999999999999,rain
2024-08-19,31.15416666666667,37.4,26.9,93.54166666666667,100,70.75,1005.8625000000001,7.970833333333334,16.8,2.4000000000000004,rain
2024-08-20,30.90416666666667,37.1,26.7,99.95833333333333,100,71.375,1006.7708333333334,6.8875,15.2,1.8,rain
2024-08-21,30.854166666666668,36.7,26.5,79.25,100,68.0,1007.9458333333333,9.375,21.6,0.30000000000000004,rain
2024-08-22,30.25,35.4,26.2,60.541666666666664,100,71.95833333333333,1008.4458333333333,10.6625,19.1,0.0,cloudy
2024-08-23,30.679166666666664,34.9,27.0,98.33333333333333,100,70.95833333333333,1009.4291666666667,6.25,12.4,0.3,rain
2024-08-24,30.166666666666668,34.8,26.4,93.54166666666667,100,70.75,1008.725,8.395833333333334,16.1,0.2,cloudy
2024-08-25,29.854166666666668,34.2,25.7,78.5,100,72.45833333333333,1007.6333333333333,7.3500000000000005,17.5,0.6,rain
2024-08-26,30.03333333333333,35.5,26.3,51.208333333333336,100,71.875,1006.9250000000001,8.666666666666666,19.1,0.1,cloudy
2024-08-27,29.145833333333332,34.6,25.3,37.5,99,74.58333333333333,1006.8874999999999,9.200000000000001,19.0,6.0,rain
2024-08-28,30.0,36.0,25.8,63.75,100,71.04166666666667,1005.7583333333333,8.679166666666665,17.9,2.2,rain
2024-08-29,30.141666666666666,35.4,25.4,28.583333333333332,90,69.79166666666667,1005.275,8.854166666666666,14.3,3.2,rain
2024-08-30,29.8,34.8,26.1,78.66666666666667,100,71.58333333333333,1005.6791666666667,8.924999999999999,16.9,0.5,rain
2024-08-31,29.558333333333334,33.7,26.1,72.58333333333333,100,72.08333333333333,1006.3416666666667,8.195833333333333,18.7,1.6,rain
2024-09-01,29.05,33.2,25.6,54.375,100,76.45833333333333,1006.4250000000001,7.675,15.3,2.2,rain
2024-09-02,28.7375,33.2,25.7,79.0,100,78.29166666666667,1007.025,7.604166666666667,17.5,8.6,rain
2024-09-03,28.329166666666666,33.4,24.9,52.208333333333336,100,78.33333333333333,1006.8916666666668,8.054166666666667,18.4,5.0,rain
2024-09-04,29.09583333333333,34.0,25.6,83.875,100,75.16666666666667,1003.9333333333334,6.8999999999999995,14.7,1.2,rain
2024-09-05,30.745833333333334,36.6,26.0,100.0,100,65.54166666666667,1000.7833333333333,8.983333333333333,21.4,0.0,cloudy
2024-09-06,30.816666666666666,35.6,27.0,100.0,100,62.833333333333336,998.7666666666668,9.070833333333333,16.6,0.4,rain
2024-09-07,32.475,36.7,29.6,100.0,100,54.125,1000.6374999999999,17.141666666666666,22.7,0.0,cloudy
2024-09-08,31.95,37.4,27.7,98.95833333333333,100,61.083333333333336,1004.5333333333333,11.533333333333333,20.2,0.0,cloudy
2024-09-09,30.429166666666664,36.4,26.8,99.875,100,69.79166666666667,1005.0208333333334,6.679166666666667,10.6,13.4,rain
2024-09-10,28.912499999999998,31.7,26.6,100.0,100,80.875,1005.6416666666668,4.9875,11.6,1.6,rain
2024-09-11,28.775000000000002,31.8,26.2,100.0,100,79.25,1007.3249999999999,7.2875000000000005,18.3,0.1,cloudy
2024-09-12,28.416666666666668,32.5,25.6,78.58333333333333,100,80.79166666666667,1006.9666666666667,6.045833333333333,18.1,23.1,rain
2024-09-13,27.837500000000002,31.2,25.0,80.29166666666667,100,84.79166666666667,1004.9833333333332,5.266666666666667,13.0,2.6,rain
2024-09-14,27.570833333333336,30.8,25.3,84.75,100,84.70833333333333,1003.2375000000001,5.925,14.9,13.0,rain
2024-09-15,27.379166666666666,30.3,25.1,96.0,100,85.45833333333333,1002.6541666666667,7.066666666666666,12.8,3.1999999999999997,rain
2024-09-16,27.8875,30.9,24.9,50.375,100,82.5,1003.2583333333333,8.141666666666667,16.2,3.8,rain
2024-09-17,27.375,30.3,24.9,79.41666666666667,100,83.125,1003.0166666666668,10.458333333333334,23.5,16.599999999999998,rain
2024-09-18,25.820833333333336,26.7,25.1,100.0,100,91.41666666666667,1000.2916666666666,15.1,34.3,150.9,rain
2024-09-19,26.820833333333336,29.6,24.8,96.25,100,88.5,997.3708333333334,11.6875,26.7,23.3,rain
2024-09-20,28.2375,32.0,25.2,79.16666666666667,100,84.45833333333333,1000.6125000000001,5.4875,11.1,3.9,rain
2024-09-21,27.366666666666664,30.3,25.4,99.95833333333333,100,88.25,1003.7958333333332,5.195833333333334,10.9,10.3,rain
2024-09-22,26.675,29.2,25.1,100.0,100,91.33333333333333,1005.0708333333333,4.6875,8.7,17.4,rain
2024-09-23,26.941666666666666,28.7,25.7,100.0,100,89.33333333333333,1007.8625000000001,5.245833333333333,8.6,6.8,rain
2024-09-24,26.575,28.1,25.2,97.125,100,86.54166666666667,1010.0500000000001,8.125,14.9,1.6,rain
2024-09-25,26.925,29.7,24.2,25.916666666666668,86,86.41666666666667,1011.2416666666667,5.608333333333333,11.7,0.7000000000000001,rain
2024-09-26,27.308333333333334,29.9,24.2,21.0,87,85.04166666666667,1011.1666666666666,7.141666666666667,13.1,1.1,rain
2024-09-27,27.358333333333334,29.8,24.6,45.875,87,86.33333333333333,1010.6583333333333,7.254166666666666,14.2,0.2,cloudy
2024-09-28,27.941666666666666,31.0,24.5,39.5,98,84.75,1008.975,7.125,13.0,0.0,cloudy
2024-09-29,28.412499999999998,31.4,25.8,71.70833333333333,100,86.5,1007.8541666666666,6.0249999999999995,13.2,0.8,rain
2024-09-30,28.4875,31.7,26.0,70.54166666666667,100,85.875,1006.5583333333334,6.479166666666667,11.3,4.5,rain
2024-10-01,28.229166666666668,31.8,25.1,76.58333333333333,100,85.70833333333333,1007.1875,5.554166666666667,14.1,1.4,rain
2024-10-02,26.925,29.2,25.5,95.66666666666667,100,81.75,1010.8625000000001,16.716666666666665,29.3,3.7,rain
2024-10-03,26.291666666666668,28.1,24.9,95.625,100,76.66666666666667,1012.8916666666668,16.541666666666668,25.5,15.6,rain
2024-10-04,25.4875,27.9,23.3,73.625,100,81.33333333333333,1013.0500000000001,10.5375,24.3,2.8,rain
2024-10-05,25.870833333333334,28.9,23.2,89.04166666666667,100,81.625,1012.2041666666668,7.833333333333333,19.2,0.2,cloudy
2024-10-06,26.520833333333332,29.0,24.2,90.20833333333333,100,80.375,1012.3166666666666,11.429166666666667,25.8,1.0,rain
2024-10-07,25.504166666666666,27.7,24.4,99.25,100,88.375,1012.9541666666668,10.066666666666666,18.9,16.6,rain
2024-10-08,25.375,27.4,24.0,90.16666666666667,100,88.5,1012.9708333333333,9.195833333333333,19.3,15.3,rain
2024-10-09,25.616666666666664,27.6,23.8,58.916666666666664,100,86.5,1012.1333333333333,9.566666666666666,19.1,11.1,rain
2024-10-10,26.27916666666667,29.3,23.1,31.541666666666668,100,82.625,1011.3541666666666,9.525,19.3,1.8,rain
2024-10-11,25.745833333333334,27.2,24.5,88.04166666666667,100,88.33333333333333,1011.7041666666668,10.012500000000001,15.3,18.5,rain
2024-10-12,26.641666666666666,28.7,24.2,47.166666666666664,99,84.58333333333333,1012.4,5.8,12.8,1.9000000000000001,rain
2024-10-13,26.59166666666667,29.0,24.6,66.54166666666667,100,84.16666666666667,1012.0666666666666,8.112499999999999,17.2,4.1000000000000005,rain
2024-10-14,25.650000000000002,27.4,24.2,96.08333333333333,100,89.125,1010.8874999999999,11.679166666666667,20.4,30.7,rain
2024-10-15,25.97083333333333,28.6,24.2,90.70833333333333,100,88.375,1011.0291666666667,6.558333333333334,16.0,8.1,rain
2024-10-16,25.916666666666668,28.4,23.9,95.70833333333333,100,89.0,1011.5291666666667,6.045833333333333,13.8,8.1,rain
2024-10-17,26.662499999999998,28.6,23.9,92.54166666666667,100,85.54166666666667,1011.0333333333333,4.533333333333333,10.4,1.8,rain
2024-10-18,26.820833333333336,29.0,25.1,99.58333333333333,100,86.70833333333333,1010.7083333333334,6.116666666666667,12.8,7.9,rain
2024-10-19,26.52916666666667,29.1,24.3,74.91666666666667,100,87.25,1011.8958333333334,6.291666666666667,14.8,3.0,rain
2024-10-20,25.474999999999998,27.9,24.3,91.875,100,90.45833333333333,1012.9208333333332,11.25,20.2,28.2,rain
2024-10-21,25.016666666666666,26.8,23.4,99.625,100,91.79166666666667,1012.3000000000001,8.754166666666666,15.4,55.2,rain
2024-10-22,26.2625,28.5,24.5,88.75,100,87.16666666666667,1011.9333333333334,12.308333333333332,23.8,11.9,rain
2024-10-23,25.962500000000002,28.1,24.2,90.04166666666667,100,84.33333333333333,1011.85,9.804166666666667,15.8,7.0,rain
2024-10-24,25.22083333333333,27.9,21.7,96.125,100,77.91666666666667,1010.5791666666668,15.583333333333334,27.7,7.4,rain
2024-10-25,24.195833333333336,27.6,20.8,91.875,100,74.66666666666667,1008.3333333333334,12.483333333333334,23.9,0.0,cloudy
2024-10-26,23.454166666666666,25.1,21.3,100.0,100,77.875,1003.9791666666666,16.583333333333332,30.3,54.0,rain
2024-10-27,23.25,26.1,20.7,96.125,100,83.70833333333333,996.4541666666668,24.3875,56.5,154.6,rain
2024-10-28,23.162499999999998,25.4,20.3,97.5,100,85.875,1003.7083333333334,4.195833333333334,7.6,1.7999999999999998,rain
2024-10-29,23.808333333333334,26.3,22.1,96.91666666666667,100,88.04166666666667,1005.1291666666666,6.879166666666666,18.1,10.1,rain
2024-10-30,25.366666666666664,28.4,22.9,89.08333333333333,100,83.20833333333333,1007.3166666666666,10.758333333333333,18.5,3.8000000000000003,rain
2024-10-31,25.016666666666666,27.4,22.4,87.04166666666667,100,85.95833333333333,1009.0875,13.579166666666666,23.0,40.4,rain
2024-11-01,24.724999999999998,28.1,20.5,87.375,100,76.70833333333333,1010.9333333333334,12.079166666666666,24.1,0.0,cloudy
2024-11-02,24.641666666666666,27.0,21.5,75.91666666666667,100,81.04166666666667,1013.9333333333334,9.770833333333334,18.4,2.9,rain
2024-11-03,24.208333333333332,25.2,23.6,98.95833333333333,100,89.08333333333333,1013.625,13.4375,22.6,18.5,rain
2024-11-04,24.320833333333336,26.3,22.9,97.54166666666667,100,91.33333333333333,1013.3083333333334,7.0625,13.4,51.7,rain
2024-11-05,24.3875,25.7,23.2,99.04166666666667,100,90.58333333333333,1014.3291666666668,15.666666666666666,29.6,56.7,rain
2024-11-06,25.5,27.0,23.5,95.91666666666667,100,80.33333333333333,1015.4499999999999,18.333333333333332,23.7,23.6,rain
2024-11-07,25.245833333333334,27.3,23.0,46.25,100,77.33333333333333,1016.2624999999999,15.179166666666667,23.8,11.3,rain
2024-11-08,24.84166666666667,26.8,23.1,63.875,100,74.04166666666667,1015.6291666666666,11.549999999999999,20.5,6.1,rain
2024-11-09,23.770833333333332,26.7,20.0,44.458333333333336,100,77.25,1014.0166666666668,10.799999999999999,20.1,0.0,cloudy
2024-11-10,24.3625,28.1,20.1,92.29166666666667,100,77.08333333333333,1013.2875,11.858333333333333,21.5,0.0,cloudy
2024-11-11,25.4875,27.9,23.0,72.75,100,82.04166666666667,1011.8000000000001,16.104166666666668,26.7,2.8,rain
2024-11-12,24.958333333333332,26.3,24.1,97.58333333333333,100,91.08333333333333,1010.6,16.845833333333335,23.8,73.60000000000001,rain
2024-11-13,25.629166666666666,27.6,24.1,70.625,100,87.58333333333333,1010.75,5.0625,11.7,4.7,rain
2024-11-14,25.579166666666666,28.4,22.7,19.708333333333332,94,87.75,1010.7083333333334,4.3374999999999995,10.6,0.0,cloudy
2024-11-15,25.479166666666668,28.6,22.4,67.29166666666667,100,88.91666666666667,1010.0041666666666,6.095833333333334,11.5,0.0,cloudy
2024-11-16,25.59166666666667,28.5,23.1,35.166666666666664,100,89.54166666666667,1010.6291666666666,5.1875,10.9,0.0,cloudy
2024-11-17,25.133333333333336,28.1,22.4,35.041666666666664,100,84.75,1012.0625,6.3125,11.3,2.8,rain
2024-11-18,23.84166666666667,26.7,22.3,87.29166666666667,100,90.625,1013.4166666666666,8.833333333333334,15.6,16.8,rain
2024-11-19,24.40416666666667,26.5,23.3,93.29166666666667,100,89.70833333333333,1014.3708333333334,10.479166666666666,17.7,27.2,rain
2024-11-20,24.84166666666667,26.9,23.5,58.583333333333336,100,82.70833333333333,1014.3666666666667,13.424999999999999,19.6,5.9,rain
2024-11-21,24.3,25.7,23.3,98.0,100,86.45833333333333,1014.1166666666667,16.733333333333334,19.8,12.5,rain
2024-11-22,24.145833333333332,26.0,23.2,96.125,100,90.41666666666667,1014.4541666666668,13.308333333333332,17.7,38.4,rain
2024-11-23,24.379166666666666,25.8,23.2,96.875,100,88.91666666666667,1014.9416666666666,17.1125,21.4,37.3,rain
2024-11-24,24.370833333333334,25.8,23.7,97.66666666666667,100,90.45833333333333,1014.5875,14.258333333333333,17.4,35.6,rain
2024-11-25,24.758333333333336,26.4,23.6,90.41666666666667,100,90.625,1013.9458333333333,9.270833333333334,13.0,9.7,rain
2024-11-26,23.983333333333334,25.3,23.0,97.29166666666667,100,92.125,1014.7666666666668,9.854166666666666,15.7,24.7,rain
2024-11-27,24.358333333333334,26.6,22.7,96.70833333333333,100,81.16666666666667,1016.0416666666666,16.7625,24.1,4.8,rain
2024-11-28,23.675,25.0,22.7,91.08333333333333,100,70.41666666666667,1018.7624999999999,19.170833333333334,26.5,3.0,rain
2024-11-29,22.804166666666664,24.8,20.5,86.25,100,66.83333333333333,1018.4166666666666,11.308333333333332,16.5,0.0,cloudy
2024-11-30,22.212500000000002,24.0,20.3,99.08333333333333,100,79.66666666666667,1015.3000000000001,4.3625,9.4,0.2,cloudy
2024-12-01,23.166666666666668,26.3,20.7,66.0,100,79.45833333333333,1012.3833333333333,5.333333333333333,8.6,0.0,cloudy
2024-12-02,23.662499999999998,26.6,20.9,59.416666666666664,100,84.125,1012.225,5.745833333333334,11.2,0.8,rain
2024-12-03,24.4375,27.5,22.1,74.125,100,83.16666666666667,1012.8541666666666,5.845833333333334,13.8,3.6,rain
2024-12-04,24.241666666666664,26.9,22.4,79.66666666666667,100,83.58333333333333,1012.9416666666666,7.545833333333333,17.6,6.2,rain
2024-12-05,23.416666666666668,25.3,21.5,92.875,100,88.54166666666667,1013.0208333333334,6.908333333333334,15.3,2.8000000000000003,rain
2024-12-06,24.425,25.7,22.9,97.5,100,85.70833333333333,1012.65,8.966666666666667,15.7,3.8000000000000003,rain
2024-12-07,25.133333333333336,26.7,24.1,65.25,100,76.58333333333333,1014.2833333333333,11.275,14.6,0.7000000000000001,rain
2024-12-08,23.65833333333333,25.4,21.9,50.0,100,82.125,1016.3375,14.829166666666666,22.3,7.8,rain
2024-12-09,23.108333333333334,24.7,21.8,98.16666666666667,100,84.95833333333333,1015.0041666666666,11.520833333333334,18.9,4.6000000000000005,rain
2024-12-10,24.179166666666664,26.1,22.3,99.83333333333333,100,83.75,1012.7166666666667,9.4,16.2,6.6,rain
2024-12-11,23.6125,24.1,23.3,100.0,100,93.54166666666667,1012.2041666666668,15.475,23.5,31.0,rain
2024-12-12,24.320833333333336,24.9,23.9,100.0,100,90.45833333333333,1012.4250000000001,20.7375,25.4,13.8,rain
2024-12-13,23.954166666666666,24.7,23.1,99.875,100,88.625,1014.3916666666668,22.833333333333332,27.6,12.2,rain
2024-12-14,22.570833333333336,23.5,21.0,100.0,100,87.875,1018.0083333333333,27.554166666666664,30.4,10.5,rain
2024-12-15,20.370833333333334,20.9,19.9,100.0,100,86.70833333333333,1020.5583333333334,21.633333333333336,26.6,19.7,rain
2024-12-16,20.833333333333332,21.6,19.7,100.0,100,80.75,1019.6708333333332,11.733333333333334,18.0,2.4000000000000004,rain
2024-12-17,20.787499999999998,22.6,19.5,96.66666666666667,100,89.25,1017.6166666666667,8.1625,15.3,4.2,rain
2024-12-18,21.666666666666668,23.7,20.1,86.875,100,85.0,1017.2208333333333,10.595833333333333,20.3,3.7,rain
2024-12-19,21.224999999999998,22.3,20.4,99.33333333333333,100,86.66666666666667,1017.5833333333334,12.891666666666666,22.2,10.7,rain
2024-12-20,20.708333333333332,22.1,19.6,96.25,100,83.70833333333333,1016.5958333333333,8.858333333333333,17.5,5.8,rain
2024-12-21,20.658333333333335,22.6,18.9,98.0,100,80.625,1017.0,8.279166666666667,15.0,1.8,rain
2024-12-22,21.254166666666666,23.2,19.8,99.70833333333333,100,72.75,1016.7583333333333,12.479166666666666,17.1,4.2,rain
2024-12-23,20.383333333333333,21.2,19.5,100.0,100,89.66666666666667,1015.7916666666666,14.5875,20.9,15.9,rain
2024-12-24,20.666666666666668,21.6,20.1,100.0,100,87.375,1017.0291666666667,14.270833333333334,20.0,7.1,rain
2024-12-25,20.841666666666665,22.1,20.0,100.0,100,90.5,1017.0208333333334,12.554166666666667,17.0,13.2,rain
2024-12-26,21.733333333333334,22.9,20.7,100.0,100,93.91666666666667,1018.0833333333334,13.195833333333333,18.6,22.6,rain
2024-12-27,22.224999999999998,23.3,21.6,99.58333333333333,100,92.79166666666667,1018.8291666666668,17.604166666666668,19.8,32.6,rain
2024-12-28,20.995833333333334,21.5,20.3,99.95833333333333,100,88.0,1020.8041666666667,20.266666666666666,24.9,43.2,rain
2024-12-29,21.2375,22.8,19.8,91.125,100,78.875,1019.2708333333334,11.204166666666666,15.4,2.2,rain
2024-12-30,21.349999999999998,23.7,19.6,93.83333333333333,100,87.04166666666667,1017.9250000000001,6.8374999999999995,11.8,3.9,rain
2024-12-31,21.320833333333333,22.7,20.2,100.0,100,82.375,1017.6458333333334,10.700000000000001,13.7,6.3,rain
2025-01-01,20.791666666666668,22.9,18.5,87.58333333333333,100,83.29166666666667,1015.8249999999999,8.0,15.3,0.0,cloudy
2025-01-02,21.116666666666667,21.9,20.3,100.0,100,88.41666666666667,1015.8041666666667,8.929166666666667,13.6,2.7,rain
2025-01-03,21.52916666666667,23.0,20.7,76.29166666666667,100,80.29166666666667,1017.1999999999999,12.004166666666668,16.0,4.5,rain
2025-01-04,21.05,23.5,19.1,57.875,100,76.875,1016.8958333333334,8.229166666666666,14.3,0.1,cloudy
2025-01-05,20.758333333333333,23.8,18.7,92.375,100,74.95833333333333,1017.8874999999999,11.3125,20.3,0.0,cloudy
2025-01-06,20.5625,23.4,17.9,71.54166666666667,100,80.33333333333333,1016.6333333333333,5.370833333333334,11.3,0.8,rain
2025-01-07,21.220833333333335,24.2,18.4,74.33333333333333,100,84.70833333333333,1015.8333333333334,4.9624999999999995,10.8,0.5,rain
2025-01-08,21.329166666666666,23.9,18.8,55.041666666666664,100,86.08333333333333,1016.1625,5.120833333333334,10.6,2.0,rain
2025-01-09,21.891666666666666,23.2,20.7,94.41666666666667,100,86.70833333333333,1017.8249999999999,9.525,15.4,4.2,rain
2025-01-10,20.579166666666666,22.3,19.0,90.625,100,83.54166666666667,1022.4499999999999,15.9375,21.1,9.6,rain
2025-01-11,19.954166666666666,21.3,18.3,31.166666666666668,66,73.79166666666667,1024.3833333333334,17.650000000000002,26.6,1.7,rain
2025-01-12,18.8125,20.7,16.9,90.125,100,68.33333333333333,1023.1416666666668,13.933333333333332,20.7,1.0999999999999999,rain
2025-01-13,19.266666666666666,20.6,17.2,99.70833333333333,100,76.5,1019.5875,5.816666666666666,11.7,0.7000000000000001,rain
2025-01-14,20.833333333333332,23.0,19.1,96.66666666666667,100,82.79166666666667,1017.9583333333334,10.408333333333333,18.6,0.7,rain
2025-01-15,20.779166666666665,21.6,20.1,100.0,100,92.08333333333333,1019.25,17.3,24.1,47.2,rain
2025-01-16,20.3875,21.9,19.3,97.29166666666667,100,84.70833333333333,1021.2624999999999,17.05,21.4,7.0,rain
2025-01-17,20.579166666666666,22.2,19.1,94.91666666666667,100,76.16666666666667,1019.1125000000001,10.575,16.9,0.4,rain
2025-01-18,20.2375,23.1,18.2,80.0,100,82.45833333333333,1016.8708333333334,6.370833333333334,13.4,0.2,cloudy
2025-01-19,20.479166666666668,24.1,17.5,56.666666666666664,100,81.04166666666667,1015.4458333333333,4.9750000000000005,12.5,0.2,cloudy
2025-01-20,20.412499999999998,22.9,18.0,77.91666666666667,100,80.04166666666667,1014.4208333333332,5.779166666666666,11.8,1.0,rain
2025-01-21,20.212500000000002,22.9,17.8,49.166666666666664,100,77.25,1014.475,3.6916666666666664,8.8,0.0,cloudy
2025-01-22,19.916666666666668,24.2,16.6,31.958333333333332,95,80.54166666666667,1014.5208333333334,4.05,9.0,0.0,cloudy
2025-01-23,20.266666666666666,25.3,16.0,58.833333333333336,100,82.375,1014.1291666666666,3.8208333333333333,9.9,0.0,cloudy
2025-01-24,20.508333333333333,24.6,17.1,29.125,100,86.54166666666667,1012.0166666666668,6.058333333333334,13.3,0.0,cloudy
2025-01-25,21.333333333333332,23.8,19.1,42.375,100,87.79166666666667,1012.125,8.525,14.2,0.0,cloudy
2025-01-26,21.029166666666665,25.0,18.4,52.0,100,86.25,1016.3333333333334,9.9125,27.2,10.3,rain
2025-01-27,18.195833333333333,19.0,17.4,96.375,100,85.25,1019.2833333333333,16.058333333333334,27.1,10.3,rain
2025-01-28,18.270833333333332,19.8,17.0,96.45833333333333,100,85.95833333333333,1020.6708333333332,8.987499999999999,15.3,3.0,rain
2025-01-29,19.675,22.5,17.6,60.208333333333336,100,83.45833333333333,1020.4458333333333,8.0875,13.8,2.8000000000000003,rain
2025-01-30,19.854166666666668,23.8,16.8,45.041666666666664,100,84.29166666666667,1015.9833333333332,4.375,9.8,0.30000000000000004,rain
2025-01-31,20.3,25.2,16.1,28.333333333333332,100,85.08333333333333,1012.9708333333333,5.175,10.4,0.0,cloudy
2025-02-01,20.258333333333333,25.2,16.3,31.208333333333332,100,87.04166666666667,1011.275,5.070833333333334,9.8,0.0,cloudy
2025-02-02,20.724999999999998,24.7,17.7,57.541666666666664,100,89.875,1011.4791666666666,5.95,12.5,0.0,cloudy
2025-02-03,22.008333333333336,25.1,19.8,54.375,100,87.41666666666667,1015.1458333333334,7.941666666666666,13.9,1.7999999999999998,rain
2025-02-04,20.083333333333332,20.8,18.7,97.41666666666667,100,90.70833333333333,1017.9916666666667,15.7875,24.3,17.4,rain
2025-02-05,20.741666666666667,23.2,18.8,74.79166666666667,100,85.20833333333333,1015.5749999999999,6.020833333333333,11.4,3.1,rain
2025-02-06,21.3875,24.1,19.6,39.5,100,82.83333333333333,1014.275,6.054166666666667,13.1,0.6000000000000001,rain
2025-02-07,21.087500000000002,24.5,17.4,56.333333333333336,100,84.5,1016.3791666666666,8.924999999999999,16.7,2.2,rain
2025-02-08,20.645833333333332,21.9,19.2,80.0,100,83.75,1018.5833333333334,19.891666666666666,24.5,5.1,rain
2025-02-09,19.679166666666667,20.8,18.9,82.75,100,82.08333333333333,1019.0749999999999,15.2125,21.7,5.3,rain
2025-02-10,19.658333333333335,21.9,17.9,97.875,100,84.625,1018.0291666666667,7.166666666666667,15.3,4.6,rain
2025-02-11,20.7625,22.7,18.9,100.0,100,87.25,1016.0791666666668,6.133333333333333,11.5,0.9,rain
2025-02-12,21.891666666666666,23.4,20.5,100.0,100,91.0,1014.8041666666667,7.329166666666667,14.4,1.6,rain
2025-02-13,22.391666666666666,24.5,21.5,96.91666666666667,100,88.16666666666667,1015.5500000000001,8.866666666666667,13.4,3.2,rain
2025-02-14,22.245833333333334,23.8,21.0,95.375,100,91.16666666666667,1014.5375,7.3500000000000005,13.3,2.8,rain
2025-02-15,23.183333333333334,26.4,20.4,59.166666666666664,100,89.875,1012.4583333333334,6.925,13.6,0.4,rain
2025-02-16,23.3625,25.7,22.0,79.08333333333333,100,90.125,1014.5375,8.924999999999999,12.8,1.4000000000000001,rain
2025-02-17,22.708333333333332,25.0,21.1,40.625,100,85.0,1016.8166666666666,7.129166666666666,12.6,0.9,rain
2025-02-18,22.058333333333334,24.4,19.4,57.458333333333336,100,87.58333333333333,1017.4083333333333,7.654166666666666,15.6,2.2,rain
2025-02-19,22.5625,24.2,21.3,82.29166666666667,100,85.25,1016.9250000000001,11.108333333333334,20.2,5.3,rain
2025-02-20,22.883333333333336,25.1,21.5,60.375,100,84.375,1016.9791666666666,10.195833333333333,16.1,3.0,rain
2025-02-21,22.670833333333334,24.5,21.4,78.79166666666667,100,88.125,1017.4416666666666,11.766666666666666,16.6,5.8,rain
2025-02-22,22.849999999999998,24.6,21.7,94.83333333333333,100,88.95833333333333,1017.9625,12.0375,15.9,8.0,rain
2025-02-23,22.724999999999998,23.9,21.9,99.0,100,89.70833333333333,1019.8000000000001,15.25,21.3,5.800000000000001,rain
2025-02-24,21.537499999999998,22.2,20.9,100.0,100,89.25,1021.8166666666666,23.09583333333333,25.5,11.5,rain
2025-02-25,22.075,23.5,20.9,99.66666666666667,100,87.875,1021.3208333333333,15.208333333333334,22.3,9.200000000000001,rain
2025-02-26,22.620833333333334,24.9,21.3,92.125,100,86.58333333333333,1019.8583333333332,9.383333333333333,13.0,3.7,rain
2025-02-27,22.354166666666668,24.4,20.6,81.95833333333333,100,85.08333333333333,1016.6833333333334,5.258333333333334,9.6,0.6000000000000001,rain
2025-02-28,22.650000000000002,25.5,19.8,49.666666666666664,100,86.25,1014.8166666666666,7.6499999999999995,12.9,0.2,cloudy
2025-03-01,23.541666666666668,26.4,21.1,42.25,100,87.20833333333333,1012.0208333333334,9.904166666666667,17.5,0.0,cloudy
2025-03-02,24.179166666666664,27.5,21.4,68.125,100,86.70833333333333,1009.9541666666668,10.4,17.3,0.0,cloudy
2025-03-03,24.483333333333334,27.9,21.2,82.66666666666667,100,89.54166666666667,1008.4875000000001,8.445833333333333,13.9,0.0,cloudy
2025-03-04,25.0,29.0,22.3,66.29166666666667,100,91.66666666666667,1007.4708333333333,6.479166666666667,10.6,0.2,cloudy
2025-03-05,25.454166666666666,28.5,23.3,78.45833333333333,100,91.625,1007.9833333333332,9.262500000000001,14.8,0.0,cloudy
2025-03-06,24.495833333333334,26.9,20.8,91.83333333333333,100,91.04166666666667,1012.6583333333333,12.7875,19.5,11.700000000000001,rain
2025-03-07,21.304166666666667,22.7,20.0,100.0,100,84.625,1016.1875,12.950000000000001,18.4,2.8,rain
2025-03-08,21.433333333333334,23.6,19.9,99.875,100,82.20833333333333,1016.6083333333332,9.716666666666667,14.8,0.7,rain
2025-03-09,22.59166666666667,24.7,20.4,77.33333333333333,100,85.95833333333333,1017.3666666666667,7.079166666666667,12.5,1.5,rain
2025-03-10,22.962500000000002,24.8,21.7,97.91666666666667,100,91.83333333333333,1017.2583333333333,9.245833333333334,16.7,12.2,rain
2025-03-11,24.3875,26.5,22.8,78.91666666666667,100,90.95833333333333,1013.9083333333333,7.866666666666667,12.5,4.4,rain
2025-03-12,24.941666666666666,27.6,23.0,79.66666666666667,100,90.875,1011.35,9.470833333333333,14.9,0.1,cloudy
2025-03-13,25.412499999999998,28.3,22.9,74.70833333333333,100,89.58333333333333,1011.0583333333334,9.054166666666667,14.9,0.2,cloudy
2025-03-14,25.474999999999998,28.0,23.5,52.166666666666664,100,89.125,1011.6291666666666,10.637500000000001,15.7,0.2,cloudy
2025-03-15,25.6875,29.6,22.9,53.958333333333336,100,90.29166666666667,1011.0791666666668,7.9375,11.0,0.0,cloudy
2025-03-16,23.070833333333336,24.6,20.6,100.0,100,94.75,1014.3958333333334,13.129166666666668,27.1,109.9,rain
2025-03-17,21.570833333333336,23.4,20.2,100.0,100,85.79166666666667,1016.7125,9.491666666666667,14.5,2.3000000000000003,rain
2025-03-18,20.895833333333332,21.8,19.9,100.0,100,89.20833333333333,1018.9250000000001,14.233333333333334,18.0,7.3,rain
2025-03-19,20.179166666666667,21.3,19.3,99.375,100,85.08333333333333,1021.7208333333333,13.737499999999999,17.9,8.299999999999999,rain
2025-03-20,20.795833333333334,23.3,19.0,84.5,100,79.08333333333333,1021.6875,9.104166666666666,18.4,0.9,rain
2025-03-21,21.087500000000002,24.2,18.7,58.541666666666664,100,78.20833333333333,1020.6916666666666,8.354166666666666,16.4,1.6,rain
2025-03-22,21.59583333333333,24.9,17.3,64.79166666666667,100,81.16666666666667,1018.4499999999999,5.470833333333334,12.2,0.4,rain
2025-03-23,22.9875,25.5,20.4,26.666666666666668,100,79.70833333333333,1016.3000000000001,5.079166666666667,11.2,0.1,cloudy
2025-03-24,22.370833333333334,25.9,18.8,11.583333333333334,97,83.25,1013.4541666666668,5.6000000000000005,11.8,0.0,cloudy
2025-03-25,22.4375,25.9,19.0,12.833333333333334,99,84.875,1008.9791666666666,8.299999999999999,14.4,0.0,cloudy
2025-03-26,23.304166666666664,27.4,18.8,55.75,99,86.54166666666667,1006.4333333333334,7.5249999999999995,14.3,0.0,cloudy
2025-03-27,25.724999999999998,31.2,21.9,35.583333333333336,100,86.375,1004.4083333333333,7.5,13.1,0.0,cloudy
2025-03-28,25.925,30.4,22.9,57.583333333333336,100,87.5,1006.225,7.633333333333333,11.8,0.0,cloudy
2025-03-29,25.516666666666666,28.0,23.9,90.75,100,89.04166666666667,1010.4875000000001,12.695833333333333,18.2,2.5,rain
2025-03-30,22.895833333333332,24.8,20.8,99.91666666666667,100,92.08333333333333,1014.9666666666667,13.654166666666667,22.4,17.6,rain
2025-03-31,21.90833333333333,24.2,20.7,100.0,100,82.58333333333333,1015.8333333333334,12.0,18.0,0.0,cloudy
2025-04-01,21.291666666666668,22.9,19.6,98.29166666666667,100,83.79166666666667,1015.8708333333334,13.891666666666666,20.0,0.0,cloudy
2025-04-02,21.175,23.5,19.5,99.625,100,82.08333333333333,1016.6791666666667,8.9125,16.4,0.0,cloudy
2025-04-03,22.495833333333334,25.0,21.0,76.33333333333333,100,83.25,1016.3916666666668,5.070833333333334,10.1,3.6,rain
2025-04-04,22.729166666666668,25.3,19.1,50.833333333333336,100,84.54166666666667,1013.3166666666666,7.016666666666667,13.9,0.6,rain
2025-04-05,24.15833333333333,27.9,20.5,39.791666666666664,100,84.875,1011.8291666666668,5.520833333333333,13.8,0.0,cloudy
2025-04-06,24.462500000000002,27.4,21.8,59.666666666666664,100,87.79166666666667,1013.2083333333334,4.891666666666667,12.1,0.1,cloudy
2025-04-07,24.920833333333334,28.0,21.8,73.33333333333333,100,86.91666666666667,1014.3791666666666,5.254166666666666,13.7,0.2,cloudy
2025-04-08,25.09583333333333,28.0,21.9,69.41666666666667,100,86.45833333333333,1014.35,7.416666666666667,13.7,0.1,cloudy
2025-04-09,25.479166666666668,28.1,23.1,74.33333333333333,100,84.125,1011.1750000000001,9.8125,14.2,0.2,cloudy
2025-04-10,26.495833333333334,31.5,23.2,90.20833333333333,100,83.0,1007.7166666666667,6.354166666666667,8.9,0.0,cloudy
2025-04-11,27.224999999999998,31.7,23.8,61.625,100,83.33333333333333,1006.6541666666667,7.191666666666666,13.9,0.2,cloudy
2025-04-12,29.4375,36.0,24.8,87.16666666666667,100,72.83333333333333,1007.3125,7.133333333333333,12.0,2.5,rain
2025-04-13,23.566666666666666,25.7,22.2,99.83333333333333,100,83.5,1013.6458333333334,18.108333333333334,24.2,21.0,rain
2025-04-14,23.420833333333334,26.2,21.1,69.41666666666667,100,75.91666666666667,1013.7083333333334,8.566666666666666,18.4,0.0,cloudy
2025-04-15,23.379166666666666,26.4,20.7,91.70833333333333,100,76.95833333333333,1012.6208333333334,5.141666666666667,11.5,0.0,cloudy
2025-04-16,24.616666666666664,27.9,21.0,96.58333333333333,100,80.58333333333333,1009.9208333333332,7.3875,15.3,0.0,cloudy
2025-04-17,27.0125,31.4,23.7,87.66666666666667,100,82.58333333333333,1007.7125,6.875,10.3,0.0,cloudy
2025-04-18,28.712500000000002,33.5,25.0,70.625,100,80.79166666666667,1006.9833333333332,6.533333333333334,10.7,0.0,cloudy
2025-04-19,28.25,31.7,25.2,59.708333333333336,100,80.875,1007.5166666666668,8.666666666666666,13.1,0.0,cloudy
2025-04-20,27.8125,31.9,24.8,60.583333333333336,100,79.625,1008.3833333333333,10.9625,19.2,0.0,cloudy
2025-04-21,27.95,32.4,24.3,80.66666666666667,100,76.33333333333333,1010.0124999999999,10.475,16.9,0.0,cloudy
2025-04-22,28.27916666666667,33.4,24.3,58.375,100,76.29166666666667,1009.1999999999999,9.345833333333333,15.6,0.0,cloudy
2025-04-23,28.520833333333332,33.5,24.7,19.333333333333332,62,76.625,1007.7916666666666,8.079166666666667,12.9,0.0,cloudy
2025-04-24,29.116666666666664,34.6,25.5,77.875,100,74.25,1007.2791666666667,7.2250000000000005,11.3,0.0,cloudy
2025-04-25,29.133333333333336,35.6,26.2,79.95833333333333,100,74.5,1008.6,5.929166666666667,16.1,5.699999999999999,rain
2025-04-26,28.099999999999998,31.7,25.4,75.08333333333333,100,79.0,1010.4833333333332,7.295833333333333,12.5,1.8,rain
2025-04-27,27.945833333333336,31.6,25.2,81.0,100,80.375,1010.5124999999999,10.229166666666666,17.7,0.0,cloudy
2025-04-28,27.866666666666664,31.7,24.6,79.125,100,79.58333333333333,1009.9666666666667,9.529166666666667,17.3,0.1,cloudy
2025-04-29,27.679166666666664,32.1,24.2,68.375,100,77.875,1011.0625,6.829166666666667,16.3,1.6,rain
2025-04-30,28.045833333333334,32.4,25.1,42.708333333333336,100,76.29166666666667,1010.75,7.3875,16.4,0.4,rain
2025-05-01,28.400000000000002,31.8,25.3,14.5,87,75.83333333333333,1011.6916666666666,6.358333333333333,13.7,1.3,rain
2025-05-02,28.3875,32.4,24.8,37.541666666666664,100,73.91666666666667,1010.3708333333334,6.779166666666666,13.6,0.9,rain
2025-05-03,28.849999999999998,32.6,25.2,83.0,100,75.45833333333333,1008.4583333333334,9.85,16.9,0.2,cloudy
2025-05-04,29.479166666666668,33.5,25.6,80.41666666666667,100,74.54166666666667,1007.0708333333333,8.933333333333334,15.8,0.2,cloudy
2025-05-05,29.758333333333336,34.2,26.1,81.0,100,72.25,1006.6999999999999,9.179166666666667,16.5,0.0,cloudy
2025-05-06,30.370833333333334,34.9,26.3,82.45833333333333,100,72.29166666666667,1006.3333333333334,8.200000000000001,14.0,0.0,cloudy
2025-05-07,30.266666666666666,35.3,26.7,81.16666666666667,100,72.54166666666667,1005.4458333333333,6.870833333333334,13.3,0.0,cloudy
2025-05-08,29.90416666666667,34.6,26.9,98.70833333333333,100,77.91666666666667,1005.4,7.875,17.8,1.8000000000000003,rain
2025-05-09,30.066666666666666,36.3,26.6,94.91666666666667,100,75.91666666666667,1005.6291666666666,7.5249999999999995,17.0,5.0,rain
2025-05-10,29.316666666666666,34.0,26.8,92.33333333333333,100,75.04166666666667,1006.8666666666667,5.4125000000000005,11.6,3.5,rain
2025-05-11,27.53333333333333,30.6,25.3,99.58333333333333,100,79.41666666666667,1007.6,7.8625,16.8,5.0,rain
2025-05-12,26.483333333333334,29.7,24.7,95.375,100,78.29166666666667,1008.5749999999999,11.0625,22.7,2.0,rain
2025-05-13,26.3625,29.0,24.5,99.875,100,83.125,1009.5041666666666,3.6,9.3,1.8,rain
2025-05-14,26.90833333333333,29.7,24.6,88.375,100,86.83333333333333,1010.0416666666666,5.9125000000000005,10.9,1.0,rain
2025-05-15,27.575,30.4,24.8,93.16666666666667,100,86.16666666666667,1010.0375,5.1499999999999995,10.3,1.1,rain
2025-05-16,28.304166666666664,31.2,25.8,58.666666666666664,100,84.91666666666667,1009.2291666666666,7.1000000000000005,14.6,0.30000000000000004,rain
2025-05-17,28.454166666666666,31.1,25.5,51.5,100,84.58333333333333,1008.9583333333334,8.908333333333333,19.4,0.0,cloudy
2025-05-18,28.6375,32.0,25.3,63.541666666666664,100,83.54166666666667,1008.8041666666667,8.604166666666666,17.5,0.0,cloudy
2025-05-19,29.058333333333334,32.3,26.5,66.29166666666667,100,80.79166666666667,1007.5416666666666,9.012500000000001,17.8,0.1,cloudy
2025-05-20,29.15416666666667,33.2,25.7,87.33333333333333,100,76.45833333333333,1007.4375,7.7875000000000005,18.6,1.0,rain
2025-05-21,29.754166666666666,33.9,26.5,78.45833333333333,100,75.04166666666667,1007.3583333333332,8.529166666666667,19.0,0.5,rain
2025-05-22,29.22083333333333,33.7,25.8,98.20833333333333,100,77.375,1005.9083333333333,9.645833333333334,19.1,3.0,rain
2025-05-23,29.212500000000002,33.3,25.2,97.95833333333333,100,76.875,1004.9083333333333,10.4,18.8,1.7999999999999998,rain
2025-05-24,29.558333333333334,33.0,26.6,83.5,100,75.125,1007.0083333333333,12.945833333333333,22.0,0.7,rain
2025-05-25,28.375,31.8,25.4,96.58333333333333,100,78.33333333333333,1009.9041666666667,9.820833333333333,17.0,11.9,rain
2025-05-26,26.587500000000002,28.7,24.9,95.33333333333333,100,85.66666666666667,1010.9666666666667,7.233333333333333,15.3,10.9,rain
2025-05-27,27.5,30.4,25.2,89.66666666666667,100,82.41666666666667,1009.2166666666667,6.983333333333333,14.8,4.300000000000001,rain
2025-05-28,27.7375,30.7,25.1,93.70833333333333,100,84.625,1007.4458333333333,6.045833333333333,13.0,2.2,rain
2025-05-29,28.383333333333336,32.2,25.2,92.41666666666667,100,81.29166666666667,1006.4,5.229166666666667,9.9,0.2,cloudy
2025-05-30,28.745833333333334,32.1,26.1,99.08333333333333,100,80.66666666666667,1007.1333333333333,4.866666666666666,10.2,3.1999999999999997,rain
2025-05-31,30.375,35.7,26.7,99.54166666666667,100,73.83333333333333,1006.3083333333334,5.575,8.8,1.2999999999999998,rain
2025-06-01,31.383333333333336,38.0,26.2,71.45833333333333,100,63.083333333333336,1004.1416666666668,8.279166666666667,15.6,0.0,cloudy
2025-06-02,32.9,39.1,27.4,64.29166666666667,100,53.708333333333336,1002.8958333333334,8.079166666666667,19.2,0.2,cloudy
2025-06-03,32.391666666666666,38.9,27.9,83.75,100,58.125,1003.6708333333332,4.6375,8.4,1.7,rain
2025-06-04,30.945833333333336,35.5,27.3,98.66666666666667,100,69.375,1005.9125,6.629166666666666,12.9,0.30000000000000004,rain
2025-06-05,30.3,33.9,27.2,76.66666666666667,100,71.08333333333333,1007.0041666666666,5.879166666666666,14.2,0.7000000000000001,rain
2025-06-06,30.370833333333334,36.0,26.8,55.416666666666664,100,71.0,1006.6083333333332,6.804166666666667,12.3,0.39999999999999997,rain
2025-06-07,30.5625,35.5,26.2,36.666666666666664,100,69.875,1005.775,6.970833333333334,13.2,0.2,cloudy
2025-06-08,30.745833333333334,36.2,26.9,21.791666666666668,91,69.125,1004.85,6.391666666666667,13.0,0.0,cloudy
2025-06-09,30.604166666666668,35.7,26.5,63.708333333333336,100,68.5,1003.85,5.416666666666667,12.5,3.2,rain
2025-06-10,29.75,33.6,27.9,99.875,100,73.79166666666667,1003.0124999999999,3.725,7.5,4.3,rain
2025-06-11,27.125,28.9,25.4,100.0,100,82.08333333333333,1000.8166666666666,11.591666666666667,22.8,114.2,rain
2025-06-12,25.59166666666667,26.5,24.6,100.0,100,90.875,997.2541666666666,9.795833333333333,18.1,173.7,rain
2025-06-13,25.679166666666664,27.4,24.4,100.0,100,90.58333333333333,1000.475,6.1499999999999995,10.3,48.6,rain
2025-06-14,28.504166666666666,33.6,24.9,100.0,100,79.04166666666667,1004.1875,8.366666666666667,15.4,0.2,cloudy
2025-06-15,29.7,35.0,25.5,95.91666666666667,100,77.04166666666667,1004.875,6.541666666666667,14.4,0.0,cloudy
2025-06-16,29.5125,33.7,26.1,90.45833333333333,100,80.70833333333333,1006.1458333333334,6.654166666666666,13.0,0.30000000000000004,rain
2025-06-17,28.508333333333336,32.3,26.0,99.91666666666667,100,85.16666666666667,1007.1541666666667,6.9750000000000005,13.5,1.9000000000000001,rain
2025-06-18,28.379166666666666,32.3,25.4,99.0,100,84.58333333333333,1007.1833333333334,7.195833333333333,15.2,5.8999999999999995,rain
2025-06-19,28.708333333333332,32.1,25.7,90.41666666666667,100,82.95833333333333,1006.4458333333333,5.6499999999999995,12.5,1.1,rain
2025-06-20,28.72083333333333,32.0,26.1,98.25,100,82.33333333333333,1006.3041666666667,6.491666666666667,13.0,0.5,rain
2025-06-21,28.775000000000002,32.6,26.6,76.08333333333333,100,81.66666666666667,1006.3583333333332,8.487499999999999,15.5,1.6,rain
2025-06-22,28.7625,32.4,25.6,45.416666666666664,100,78.5,1006.6208333333334,7.258333333333333,14.7,1.0,rain
2025-06-23,29.40833333333333,34.1,25.9,83.95833333333333,100,75.0,1005.7541666666666,5.495833333333334,11.6,0.2,cloudy
2025-06-24,29.537499999999998,34.2,25.5,67.91666666666667,100,71.45833333333333,1005.8375,6.533333333333334,12.1,0.4,rain
2025-06-25,29.520833333333332,34.2,26.1,34.791666666666664,100,70.875,1006.5958333333333,6.291666666666667,12.7,1.0,rain
2025-06-26,29.6875,33.5,26.0,77.04166666666667,100,70.75,1006.0875,5.908333333333334,12.6,0.2,cloudy
2025-06-27,28.870833333333334,34.4,25.9,92.66666666666667,100,75.04166666666667,1005.4375,5.333333333333333,11.0,13.4,rain
2025-06-28,28.391666666666666,32.7,25.6,95.45833333333333,100,80.0,1004.5708333333333,4.541666666666667,10.5,6.8,rain
2025-06-29,28.6375,33.6,25.7,99.91666666666667,100,80.41666666666667,1003.1374999999999,4.929166666666666,10.7,2.5999999999999996,rain
2025-06-30,28.724999999999998,33.8,25.8,99.91666666666667,100,79.95833333333333,1003.4041666666667,6.3999999999999995,13.7,8.4,rain
2025-07-01,28.291666666666668,32.8,25.4,98.58333333333333,100,81.54166666666667,1004.7041666666668,5.216666666666667,8.7,1.7,rain
2025-07-02,27.754166666666666,30.8,25.8,97.5,100,83.91666666666667,1006.1791666666667,5.8374999999999995,11.3,2.4000000000000004,rain
2025-07-03,27.558333333333334,30.1,25.4,99.75,100,84.83333333333333,1006.0208333333334,4.641666666666667,12.2,2.5,rain
2025-07-04,27.708333333333332,30.9,25.2,96.83333333333333,100,84.04166666666667,1005.3041666666667,3.9333333333333336,8.5,5.6,rain
2025-07-05,27.520833333333332,31.4,25.0,99.25,100,86.58333333333333,1004.4458333333333,3.4499999999999997,8.0,23.499999999999996,rain
2025-07-06,27.820833333333336,31.7,24.9,99.95833333333333,100,85.95833333333333,1004.6083333333332,3.8249999999999997,8.6,5.0,rain
2025-07-07,29.4375,33.4,26.0,93.125,100,80.45833333333333,1004.6625,5.070833333333334,10.7,0.9,rain
2025-07-08,29.858333333333334,35.0,26.1,93.95833333333333,100,77.83333333333333,1003.6125000000001,7.016666666666667,14.4,0.0,cloudy
2025-07-09,30.2625,35.0,26.0,76.04166666666667,100,72.16666666666667,1002.1833333333334,7.120833333333334,13.1,0.0,cloudy
2025-07-10,30.5,35.1,26.4,99.91666666666667,100,68.29166666666667,999.4833333333332,6.5,12.6,0.1,cloudy
2025-07-11,30.0125,35.1,25.9,98.875,100,69.875,1000.0375,6.575,17.7,3.1999999999999997,rain
2025-07-12,30.141666666666666,35.6,26.6,84.41666666666667,100,71.16666666666667,1003.6666666666666,6.033333333333332,9.1,2.3,rain
2025-07-13,30.141666666666666,34.7,26.5,79.125,100,72.83333333333333,1005.3916666666668,4.1625000000000005,9.8,1.5,rain
2025-07-14,30.379166666666666,36.1,26.6,81.70833333333333,100,71.79166666666667,1004.8708333333334,5.3374999999999995,12.0,4.1000000000000005,rain
2025-07-15,30.420833333333334,35.8,26.4,87.75,100,72.54166666666667,1003.6041666666666,6.2,12.8,0.5,rain
2025-07-16,30.650000000000002,36.7,26.1,88.95833333333333,100,72.25,1004.3249999999999,6.791666666666667,15.1,33.6,rain
2025-07-17,29.15833333333333,34.1,25.5,54.416666666666664,100,79.66666666666667,1004.7541666666666,6.6000000000000005,15.8,4.2,rain
2025-07-18,30.516666666666666,35.0,26.2,89.0,100,72.79166666666667,1001.9333333333334,6.8999999999999995,12.1,0.0,cloudy
2025-07-19,31.995833333333334,37.2,26.7,100.0,100,58.875,997.9625,7.791666666666667,15.1,1.1,rain
2025-07-20,30.770833333333332,33.1,29.0,100.0,100,59.166666666666664,997.475,5.9750000000000005,11.1,0.39999999999999997,rain
2025-07-21,31.9875,35.4,29.6,100.0,100,52.958333333333336,997.2541666666666,11.529166666666667,17.1,0.0,cloudy
2025-07-22,31.583333333333332,34.7,29.6,100.0,100,53.958333333333336,997.725,15.025,23.3,0.30000000000000004,rain
2025-07-23,31.487499999999997,36.0,28.1,100.0,100,60.166666666666664,1000.35,7.904166666666666,14.1,0.8,rain
2025-07-24,29.733333333333334,32.1,27.3,100.0,100,70.41666666666667,1002.0333333333333,5.3500000000000005,9.6,1.7,rain
2025-07-25,27.4375,28.5,26.3,100.0,100,84.83333333333333,1002.5916666666667,4.0,8.7,12.1,rain
2025-07-26,27.40416666666667,30.6,25.4,94.20833333333333,100,86.54166666666667,1002.6458333333334,4.2250000000000005,9.4,24.6,rain
2025-07-27,27.97083333333333,31.9,25.0,93.16666666666667,100,81.33333333333333,1002.1333333333333,7.7749999999999995,15.9,8.9,rain
2025-07-28,28.775000000000002,33.4,25.4,96.16666666666667,100,79.04166666666667,1001.2833333333333,6.279166666666666,15.0,0.2,cloudy
2025-07-29,29.75,34.3,26.4,99.75,100,76.33333333333333,1000.4333333333334,6.891666666666667,13.8,0.7000000000000001,rain
2025-07-30,29.8,32.7,27.3,99.95833333333333,100,69.95833333333333,1000.7166666666667,7.958333333333333,13.9,0.0,cloudy
2025-07-31,31.483333333333334,36.8,27.1,83.54166666666667,100,62.916666666666664,1000.8916666666668,9.904166666666667,15.8,0.4,rain
2025-08-01,32.166666666666664,38.0,27.6,95.75,100,63.333333333333336,1001.0916666666667,9.433333333333334,19.1,0.0,cloudy
2025-08-02,32.483333333333334,38.9,28.2,86.20833333333333,100,60.375,1003.1875,10.554166666666667,19.0,0.2,cloudy
2025-08-03,32.795833333333334,37.9,28.1,100.0,100,56.208333333333336,1004.3041666666667,11.220833333333333,19.1,0.0,cloudy
2025-08-04,33.19583333333333,39.8,28.1,91.5,100,55.25,1004.1125000000001,9.691666666666666,21.6,0.2,cloudy
2025-08-05,32.87083333333333,40.0,28.1,87.125,100,57.125,1004.4208333333332,9.441666666666666,18.1,0.0,cloudy
2025-08-06,32.612500000000004,38.5,28.7,99.79166666666667,100,59.583333333333336,1005.5749999999999,9.129166666666666,14.2,0.30000000000000004,rain
2025-08-07,31.629166666666666,36.0,27.9,73.25,100,64.33333333333333,1007.4083333333333,5.6875,14.7,0.5,rain
2025-08-08,30.816666666666666,35.0,26.3,32.75,100,64.04166666666667,1008.2416666666667,7.204166666666667,13.7,0.0,cloudy
2025-08-09,31.25,35.8,27.8,84.04166666666667,100,62.666666666666664,1007.2125,6.95,14.3,0.6000000000000001,rain
2025-08-10,30.52916666666667,35.7,27.5,53.75,100,67.54166666666667,1005.8916666666668,7.758333333333333,13.7,2.2,rain
2025-08-11,30.325,35.8,26.3,57.083333333333336,100,66.54166666666667,1005.1541666666667,7.5125,12.5,0.4,rain
2025-08-12,30.2625,35.4,26.6,52.25,100,68.95833333333333,1005.7083333333334,6.4875,14.3,2.6,rain
2025-08-13,29.4875,34.6,25.7,73.33333333333333,100,73.45833333333333,1006.4375,7.55,14.9,2.1,rain
2025-08-14,29.745833333333334,34.2,25.8,94.625,100,71.79166666666667,1005.0458333333332,6.2749999999999995,13.2,0.7000000000000001,rain
2025-08-15,29.45,34.5,26.0,99.58333333333333,100,71.29166666666667,1004.4166666666666,6.483333333333333,13.9,2.9,rain
2025-08-16,28.420833333333334,32.3,25.6,84.95833333333333,100,74.33333333333333,1004.7958333333332,8.520833333333334,16.7,12.0,rain
2025-08-17,26.483333333333334,28.1,25.0,100.0,100,88.125,1004.7416666666667,4.604166666666667,8.7,66.8,rain
2025-08-18,27.670833333333334,30.5,25.4,99.95833333333333,100,84.95833333333333,1006.3000000000001,4.770833333333333,8.8,3.0,rain
2025-08-19,28.520833333333332,33.0,25.3,86.45833333333333,100,83.04166666666667,1007.8208333333333,4.679166666666666,12.4,1.3,rain
2025-08-20,28.829166666666666,31.7,26.6,98.125,100,83.54166666666667,1008.3416666666667,5.666666666666667,12.5,0.4,rain
2025-08-21,28.383333333333336,31.9,25.7,99.08333333333333,100,78.58333333333333,1009.3583333333332,10.904166666666667,18.5,0.2,cloudy
2025-08-22,28.3125,31.2,25.2,78.79166666666667,100,77.16666666666667,1008.3708333333334,6.233333333333333,14.6,0.7000000000000001,rain
2025-08-23,28.78333333333333,32.2,25.8,83.79166666666667,100,77.16666666666667,1006.9583333333334,5.883333333333333,12.4,0.2,cloudy
2025-08-24,27.21666666666667,29.6,25.9,100.0,100,82.29166666666667,1002.8333333333334,8.520833333333334,16.1,8.6,rain
2025-08-25,26.974999999999998,29.5,24.9,100.0,100,84.875,1001.8583333333332,10.362499999999999,15.2,9.2,rain
2025-08-26,28.3875,33.4,24.8,98.95833333333333,100,82.375,1005.9041666666667,4.866666666666666,12.4,28.700000000000003,rain
2025-08-27,26.470833333333335,29.0,24.6,99.95833333333333,100,87.0,1007.5958333333333,4.4875,9.8,58.1,rain
2025-08-28,27.47083333333333,30.8,25.0,81.08333333333333,100,83.375,1006.225,7.2,17.8,0.30000000000000004,rain
2025-08-29,26.058333333333334,27.7,24.9,98.91666666666667,100,88.79166666666667,1005.0708333333333,8.545833333333333,17.7,14.9,rain
2025-08-30,27.129166666666666,30.7,24.6,94.875,100,87.375,1003.2875,8.008333333333335,19.2,26.5,rain
2025-08-31,27.0125,29.8,24.1,80.625,100,86.625,1006.0625,5.691666666666666,12.2,8.9,rain
2025-09-01,26.8,29.8,24.1,65.29166666666667,100,87.33333333333333,1005.8916666666668,7.329166666666667,14.5,5.8,rain
2025-09-02,27.287499999999998,29.9,24.7,81.75,100,84.29166666666667,1006.4708333333333,5.883333333333333,13.8,1.3,rain
2025-09-03,27.75,30.3,25.0,63.916666666666664,98,85.0,1006.9041666666667,5.645833333333333,13.9,0.9,rain
2025-09-04,27.599999999999998,30.2,25.5,70.70833333333333,100,85.125,1006.9458333333333,5.366666666666667,12.5,2.2,rain
2025-09-05,27.8625,30.8,25.1,81.79166666666667,100,84.58333333333333,1006.9208333333332,3.6750000000000003,11.9,0.5,rain
2025-09-06,27.291666666666668,30.3,24.9,99.66666666666667,100,86.75,1007.2083333333334,6.2124999999999995,16.0,7.6000000000000005,rain
2025-09-07,27.370833333333334,31.5,25.0,99.79166666666667,100,85.25,1006.2875,6.204166666666667,13.8,10.5,rain
2025-09-08,27.974999999999998,31.6,25.1,99.79166666666667,100,83.45833333333333,1006.6374999999999,4.820833333333334,10.5,3.5,rain
2025-09-09,28.866666666666664,32.5,26.0,99.58333333333333,100,80.0,1008.2458333333334,5.058333333333334,10.2,3.4,rain
2025-09-10,28.34583333333333,31.8,25.8,97.125,100,83.41666666666667,1009.3625000000001,4.945833333333334,8.8,4.199999999999999,rain
2025-09-11,27.925,31.3,24.9,40.916666666666664,100,83.0,1009.4166666666666,6.966666666666666,13.4,3.3,rain
2025-09-12,28.0625,31.0,25.2,38.583333333333336,99,79.25,1009.6041666666666,6.7625,15.0,0.7000000000000001,rain
2025-09-13,27.991666666666664,31.4,25.1,86.875,100,79.125,1009.8333333333334,4.958333333333333,11.8,3.7,rain
2025-09-14,27.704166666666666,32.0,24.7,98.66666666666667,100,80.41666666666667,1010.2208333333333,6.191666666666666,12.3,18.8,rain
2025-09-15,27.375,31.2,24.5,66.04166666666667,100,81.66666666666667,1010.225,6.479166666666667,13.5,1.7000000000000002,rain
2025-09-16,27.587500000000002,31.5,24.7,91.75,100,79.25,1009.2375000000001,8.491666666666667,20.2,10.8,rain
2025-09-17,26.458333333333332,27.9,25.2,99.08333333333333,100,86.41666666666667,1007.9416666666666,4.895833333333333,10.2,11.5,rain
2025-09-18,26.425,29.2,24.5,99.95833333333333,100,87.91666666666667,1007.1708333333332,7.470833333333334,12.2,30.2,rain
2025-09-19,26.833333333333332,30.1,24.6,89.5,100,86.04166666666667,1007.7333333333332,4.395833333333333,9.5,14.3,rain
2025-09-20,27.349999999999998,30.4,25.2,81.625,100,87.29166666666667,1007.2624999999999,4.7875000000000005,12.4,8.700000000000001,rain
2025-09-21,27.96666666666667,32.0,25.3,95.45833333333333,100,84.5,1006.1791666666667,4.3625,8.8,1.3,rain
2025-09-22,27.65833333333333,30.3,25.9,88.04166666666667,100,85.91666666666667,1006.3249999999999,5.5,13.4,6.2,rain
2025-09-23,27.829166666666666,31.1,25.3,98.125,100,84.0,1004.6666666666666,6.458333333333333,17.1,0.9,rain
2025-09-24,28.337500000000002,32.2,25.9,98.79166666666667,100,81.5,1002.1416666666668,5.241666666666666,16.8,1.5,rain
2025-09-25,28.21666666666667,32.7,25.8,99.95833333333333,100,82.125,1003.6791666666667,5.395833333333333,12.0,6.6,rain
2025-09-26,26.849999999999998,29.1,25.5,99.875,100,86.625,1008.1333333333333,5.375,9.7,22.6,rain
2025-09-27,25.34166666666667,26.8,24.2,100.0,100,92.45833333333333,1007.4166666666666,12.258333333333333,24.4,49.4,rain
2025-09-28,25.245833333333334,26.2,24.6,100.0,100,90.95833333333333,998.6083333333332,22.420833333333334,29.6,105.2,rain
2025-09-29,27.40833333333333,31.0,24.5,100.0,100,84.0,1005.5500000000001,12.170833333333334,20.4,13.1,rain
2025-09-30,27.8,30.4,25.9,81.41666666666667,100,84.29166666666667,1009.8541666666666,8.895833333333334,16.7,1.3,rain
2025-10-01,27.05,30.3,24.3,67.66666666666667,100,84.83333333333333,1010.9416666666666,6.75,14.5,1.0,rain
2025-10-02,27.266666666666666,30.5,24.8,22.875,68,82.5,1011.2916666666666,4.7875000000000005,13.5,0.7000000000000001,rain
2025-10-03,27.620833333333334,30.6,25.2,31.708333333333332,98,82.66666666666667,1011.0333333333333,4.529166666666667,11.3,1.8,rain
2025-10-04,27.304166666666664,30.7,24.0,88.58333333333333,100,83.625,1010.4250000000001,6.204166666666667,13.0,0.39999999999999997,rain
2025-10-05,27.65833333333333,33.1,24.1,98.04166666666667,100,79.08333333333333,1007.625,5.233333333333333,15.7,0.1,cloudy
2025-10-06,28.287499999999998,33.6,25.9,100.0,100,76.54166666666667,1008.3916666666668,6.7375,16.4,2.6,rain
2025-10-07,27.84583333333333,31.3,25.2,82.125,100,80.41666666666667,1011.1125000000001,6.191666666666666,12.6,1.7,rain
2025-10-08,27.22083333333333,30.6,23.8,83.95833333333333,100,78.91666666666667,1011.6625,6.120833333333334,14.6,3.0,rain
2025-10-09,25.849999999999998,28.5,24.5,92.29166666666667,100,87.45833333333333,1011.3291666666668,5.4875,11.2,11.3,rain
2025-10-10,25.6375,29.4,23.7,86.91666666666667,100,88.91666666666667,1010.5666666666666,6.3625,15.1,27.1,rain
2025-10-11,26.47083333333333,29.2,24.3,83.54166666666667,100,87.125,1009.6999999999999,6.133333333333333,11.9,8.6,rain
2025-10-12,26.054166666666664,28.9,24.3,97.91666666666667,100,88.95833333333333,1009.6708333333332,6.0874999999999995,13.5,9.0,rain
2025-10-13,26.458333333333332,29.7,24.2,89.41666666666667,100,86.5,1009.8958333333334,4.25,9.3,15.4,rain
2025-10-14,26.745833333333334,29.6,24.9,84.79166666666667,100,86.04166666666667,1010.1958333333333,5.170833333333333,13.1,4.5,rain
2025-10-15,26.491666666666664,29.4,24.2,47.625,100,86.95833333333333,1010.6333333333333,5.383333333333333,12.0,2.4,rain
2025-10-16,25.6125,27.9,24.1,99.91666666666667,100,89.29166666666667,1011.5124999999999,4.908333333333333,8.0,11.100000000000001,rain
2025-10-17,25.575,28.2,24.3,98.54166666666667,100,91.5,1011.7208333333333,6.075,10.7,21.0,rain
2025-10-18,24.670833333333334,26.6,23.8,99.875,100,93.16666666666667,1011.1374999999999,6.170833333333333,12.0,29.7,rain
2025-10-19,25.275000000000002,28.2,22.6,98.70833333333333,100,88.875,1010.1791666666667,8.85,16.8,47.9,rain
2025-10-20,26.71666666666667,29.4,23.3,90.625,100,81.04166666666667,1009.1416666666668,13.716666666666667,21.5,17.6,rain
2025-10-21,25.954166666666666,28.3,24.4,96.29166666666667,100,82.58333333333333,1009.5625,23.579166666666666,28.7,15.0,rain
2025-10-22,24.84583333333333,26.1,23.9,100.0,100,82.83333333333333,1010.2916666666666,23.712500000000002,31.0,8.9,rain
2025-10-23,24.429166666666664,26.5,23.3,99.125,100,90.83333333333333,1011.0958333333333,15.729166666666666,31.9,77.7,rain
2025-10-24,24.6875,25.8,23.2,94.79166666666667,100,89.41666666666667,1012.975,14.045833333333334,23.7,48.9,rain
2025-10-25,25.145833333333332,27.1,23.6,99.91666666666667,100,84.29166666666667,1012.6333333333333,17.375,23.0,18.0,rain
2025-10-26,24.679166666666664,25.4,24.1,100.0,100,91.375,1011.7624999999999,21.34583333333333,28.1,52.2,rain
2025-10-27,25.020833333333332,26.1,24.3,100.0,100,91.70833333333333,1011.5333333333333,22.191666666666666,28.7,97.9,rain
2025-10-28,24.858333333333334,25.8,24.4,100.0,100,92.58333333333333,1011.4833333333332,22.108333333333334,29.4,97.5,rain
2025-10-29,24.945833333333336,25.3,24.5,100.0,100,93.25,1010.7458333333334,20.016666666666666,30.2,149.9,rain
2025-10-30,25.84166666666667,27.4,24.7,99.70833333333333,100,90.08333333333333,1011.5124999999999,11.575000000000001,18.2,22.6,rain
2025-10-31,25.483333333333334,27.8,24.7,98.875,100,90.875,1013.1708333333332,4.1125,10.8,21.2,rain
2025-11-01,25.125,26.4,24.3,99.95833333333333,100,90.79166666666667,1013.8083333333334,5.329166666666667,10.7,13.5,rain
2025-11-02,24.825,25.7,24.3,99.91666666666667,100,93.625,1012.1208333333334,15.891666666666666,21.8,60.2,rain
2025-11-03,25.25,27.2,24.1,100.0,100,90.45833333333333,1010.3166666666666,11.375,30.1,34.8,rain
2025-11-04,24.925,27.7,23.1,95.75,100,82.66666666666667,1011.1708333333332,10.145833333333334,17.3,6.6000000000000005,rain
2025-11-05,24.741666666666664,27.4,22.8,97.25,100,84.16666666666667,1010.4333333333334,7.666666666666667,11.4,4.9,rain
2025-11-06,24.879166666666666,27.1,23.9,100.0,100,86.91666666666667,1007.8125,23.962500000000002,37.6,50.1,rain
2025-11-07,27.3625,30.0,25.1,82.875,100,80.75,1005.975,20.5125,28.1,4.6,rain
2025-11-08,26.583333333333332,29.1,24.3,51.625,95,89.33333333333333,1010.9958333333334,6.908333333333334,13.6,1.2,rain
2025-11-09,26.412499999999998,29.2,24.2,74.45833333333333,100,87.75,1010.9083333333333,4.908333333333333,10.2,1.0,rain
2025-11-10,26.349999999999998,29.6,24.2,99.875,100,85.20833333333333,1009.5791666666668,4.5625,10.6,0.5,rain
2025-11-11,26.2,29.4,23.9,99.5,100,85.41666666666667,1009.8083333333334,8.641666666666667,19.1,0.0,cloudy
2025-11-12,25.4875,27.6,23.9,75.91666666666667,100,80.16666666666667,1012.4375,16.829166666666666,22.5,0.1,cloudy
2025-11-13,24.395833333333332,26.8,22.3,22.416666666666668,70,73.91666666666667,1015.2624999999999,14.504166666666668,24.5,0.0,cloudy
2025-11-14,23.416666666666668,26.1,20.6,47.25,100,75.70833333333333,1015.225,12.004166666666668,21.1,1.2,rain
2025-11-15,23.204166666666666,24.1,22.2,95.83333333333333,100,88.58333333333333,1015.3583333333332,12.495833333333332,14.8,21.1,rain
2025-11-16,24.320833333333336,25.6,23.3,96.79166666666667,100,92.91666666666667,1014.9625,14.695833333333333,21.6,48.8,rain
2025-11-17,24.625,26.1,23.6,99.79166666666667,100,91.25,1015.6,12.670833333333334,22.1,46.2,rain
2025-11-18,25.0625,27.0,23.4,99.66666666666667,100,77.45833333333333,1016.4833333333332,23.683333333333334,32.6,22.7,rain
2025-11-19,21.629166666666666,23.2,20.6,100.0,100,86.04166666666667,1018.9833333333332,27.825,34.2,24.3,rain
2025-11-20,21.175,22.4,20.2,100.0,100,85.29166666666667,1019.4416666666666,17.004166666666666,21.3,13.3,rain
2025-11-21,21.4375,23.0,20.1,100.0,100,81.375,1019.4250000000001,13.4,20.5,15.6,rain
2025-11-22,22.270833333333332,24.1,20.0,99.66666666666667,100,84.33333333333333,1017.6583333333333,11.104166666666666,19.2,19.0,rain
